timestamp,room_id,rack_id,server_id,asset_type,temp_c
2025-09-30 00:00:00,DC-Room-1,A01,1-A01-srv-001,CPU,24.228
2025-09-30 01:00:00,DC-Room-1,A01,1-A01-srv-001,CPU,23.119
2025-09-30 02:00:00,DC-Room-1,A01,1-A01-srv-001,CPU,23.71
2025-09-30 03:00:00,DC-Room-1,A01,1-A01-srv-001,CPU,24.114
2025-09-30 04:00:00,DC-Room-1,A01,1-A01-srv-001,CPU,23.528
2025-09-30 05:00:00,DC-Room-1,A01,1-A01-srv-001,CPU,24.092
2025-09-30 06:00:00,DC-Room-1,A01,1-A01-srv-001,CPU,24.105
2025-09-30 07:00:00,DC-Room-1,A01,1-A01-srv-001,CPU,23.002
2025-09-30 08:00:00,DC-Room-1,A01,1-A01-srv-001,CPU,24.503
2025-09-30 09:00:00,DC-Room-1,A01,1-A01-srv-001,CPU,24.141
2025-09-30 10:00:00,DC-Room-1,A01,1-A01-srv-001,CPU,23.224
2025-09-30 11:00:00,DC-Room-1,A01,1-A01-srv-001,CPU,23.355
2025-09-30 12:00:00,DC-Room-1,A01,1-A01-srv-001,CPU,23.53
2025-09-30 13:00:00,DC-Room-1,A01,1-A01-srv-001,CPU,22.766
2025-09-30 14:00:00,DC-Room-1,A01,1-A01-srv-001,CPU,22.581
2025-09-30 15:00:00,DC-Room-1,A01,1-A01-srv-001,CPU,21.782
2025-09-30 16:00:00,DC-Room-1,A01,1-A01-srv-001,CPU,22.853
2025-09-30 17:00:00,DC-Room-1,A01,1-A01-srv-001,CPU,22.487
2025-09-30 18:00:00,DC-Room-1,A01,1-A01-srv-001,CPU,22.51
2025-09-30 19:00:00,DC-Room-1,A01,1-A01-srv-001,CPU,21.426
2025-09-30 20:00:00,DC-Room-1,A01,1-A01-srv-001,CPU,23.42
2025-09-30 21:00:00,DC-Room-1,A01,1-A01-srv-001,CPU,22.612
2025-09-30 22:00:00,DC-Room-1,A01,1-A01-srv-001,CPU,22.545
2025-09-30 23:00:00,DC-Room-1,A01,1-A01-srv-001,CPU,24.187
2025-10-01 00:00:00,DC-Room-1,A01,1-A01-srv-001,CPU,23.161
2025-10-01 01:00:00,DC-Room-1,A01,1-A01-srv-001,CPU,22.595
2025-10-01 02:00:00,DC-Room-1,A01,1-A01-srv-001,CPU,23.481
2025-10-01 03:00:00,DC-Room-1,A01,1-A01-srv-001,CPU,22.489
2025-10-01 04:00:00,DC-Room-1,A01,1-A01-srv-001,CPU,24.61
2025-10-01 05:00:00,DC-Room-1,A01,1-A01-srv-001,CPU,23.817
2025-10-01 06:00:00,DC-Room-1,A01,1-A01-srv-001,CPU,23.605
2025-10-01 07:00:00,DC-Room-1,A01,1-A01-srv-001,CPU,24.542
2025-10-01 08:00:00,DC-Room-1,A01,1-A01-srv-001,CPU,22.825
2025-10-01 09:00:00,DC-Room-1,A01,1-A01-srv-001,CPU,24.024
2025-10-01 10:00:00,DC-Room-1,A01,1-A01-srv-001,CPU,22.294
2025-10-01 11:00:00,DC-Room-1,A01,1-A01-srv-001,CPU,22.881
2025-10-01 12:00:00,DC-Room-1,A01,1-A01-srv-001,CPU,22.333
2025-10-01 13:00:00,DC-Room-1,A01,1-A01-srv-001,CPU,23.701
2025-10-01 14:00:00,DC-Room-1,A01,1-A01-srv-001,CPU,23.693
2025-10-01 15:00:00,DC-Room-1,A01,1-A01-srv-001,CPU,22.363
2025-10-01 16:00:00,DC-Room-1,A01,1-A01-srv-001,CPU,23.052
2025-10-01 17:00:00,DC-Room-1,A01,1-A01-srv-001,CPU,22.437
2025-10-01 18:00:00,DC-Room-1,A01,1-A01-srv-001,CPU,22.935
2025-10-01 19:00:00,DC-Room-1,A01,1-A01-srv-001,CPU,22.253
2025-10-01 20:00:00,DC-Room-1,A01,1-A01-srv-001,CPU,21.805
2025-10-01 21:00:00,DC-Room-1,A01,1-A01-srv-001,CPU,21.912
2025-10-01 22:00:00,DC-Room-1,A01,1-A01-srv-001,CPU,23.387
2025-10-01 23:00:00,DC-Room-1,A01,1-A01-srv-001,CPU,24.714
2025-09-30 00:00:00,DC-Room-1,A01,1-A01-srv-002,CPU,24.494
2025-09-30 01:00:00,DC-Room-1,A01,1-A01-srv-002,CPU,23.845
2025-09-30 02:00:00,DC-Room-1,A01,1-A01-srv-002,CPU,23.301
2025-09-30 03:00:00,DC-Room-1,A01,1-A01-srv-002,CPU,23.349
2025-09-30 04:00:00,DC-Room-1,A01,1-A01-srv-002,CPU,23.226
2025-09-30 05:00:00,DC-Room-1,A01,1-A01-srv-002,CPU,23.969
2025-09-30 06:00:00,DC-Room-1,A01,1-A01-srv-002,CPU,24.002
2025-09-30 07:00:00,DC-Room-1,A01,1-A01-srv-002,CPU,22.776
2025-09-30 08:00:00,DC-Room-1,A01,1-A01-srv-002,CPU,23.834
2025-09-30 09:00:00,DC-Room-1,A01,1-A01-srv-002,CPU,23.098
2025-09-30 10:00:00,DC-Room-1,A01,1-A01-srv-002,CPU,24.174
2025-09-30 11:00:00,DC-Room-1,A01,1-A01-srv-002,CPU,23.296
2025-09-30 12:00:00,DC-Room-1,A01,1-A01-srv-002,CPU,23.942
2025-09-30 13:00:00,DC-Room-1,A01,1-A01-srv-002,CPU,22.466
2025-09-30 14:00:00,DC-Room-1,A01,1-A01-srv-002,CPU,22.438
2025-09-30 15:00:00,DC-Room-1,A01,1-A01-srv-002,CPU,22.681
2025-09-30 16:00:00,DC-Room-1,A01,1-A01-srv-002,CPU,22.974
2025-09-30 17:00:00,DC-Room-1,A01,1-A01-srv-002,CPU,22.637
2025-09-30 18:00:00,DC-Room-1,A01,1-A01-srv-002,CPU,21.643
2025-09-30 19:00:00,DC-Room-1,A01,1-A01-srv-002,CPU,22.468
2025-09-30 20:00:00,DC-Room-1,A01,1-A01-srv-002,CPU,22.498
2025-09-30 21:00:00,DC-Room-1,A01,1-A01-srv-002,CPU,22.431
2025-09-30 22:00:00,DC-Room-1,A01,1-A01-srv-002,CPU,22.448
2025-09-30 23:00:00,DC-Room-1,A01,1-A01-srv-002,CPU,24.12
2025-10-01 00:00:00,DC-Room-1,A01,1-A01-srv-002,CPU,22.997
2025-10-01 01:00:00,DC-Room-1,A01,1-A01-srv-002,CPU,22.889
2025-10-01 02:00:00,DC-Room-1,A01,1-A01-srv-002,CPU,23.921
2025-10-01 03:00:00,DC-Room-1,A01,1-A01-srv-002,CPU,23.775
2025-10-01 04:00:00,DC-Room-1,A01,1-A01-srv-002,CPU,23.749
2025-10-01 05:00:00,DC-Room-1,A01,1-A01-srv-002,CPU,24.361
2025-10-01 06:00:00,DC-Room-1,A01,1-A01-srv-002,CPU,24.131
2025-10-01 07:00:00,DC-Room-1,A01,1-A01-srv-002,CPU,23.986
2025-10-01 08:00:00,DC-Room-1,A01,1-A01-srv-002,CPU,24.28
2025-10-01 09:00:00,DC-Room-1,A01,1-A01-srv-002,CPU,23.742
2025-10-01 10:00:00,DC-Room-1,A01,1-A01-srv-002,CPU,22.945
2025-10-01 11:00:00,DC-Room-1,A01,1-A01-srv-002,CPU,22.922
2025-10-01 12:00:00,DC-Room-1,A01,1-A01-srv-002,CPU,22.59
2025-10-01 13:00:00,DC-Room-1,A01,1-A01-srv-002,CPU,22.846
2025-10-01 14:00:00,DC-Room-1,A01,1-A01-srv-002,CPU,21.913
2025-10-01 15:00:00,DC-Room-1,A01,1-A01-srv-002,CPU,21.383
2025-10-01 16:00:00,DC-Room-1,A01,1-A01-srv-002,CPU,22.452
2025-10-01 17:00:00,DC-Room-1,A01,1-A01-srv-002,CPU,21.469
2025-10-01 18:00:00,DC-Room-1,A01,1-A01-srv-002,CPU,21.052
2025-10-01 19:00:00,DC-Room-1,A01,1-A01-srv-002,CPU,22.561
2025-10-01 20:00:00,DC-Room-1,A01,1-A01-srv-002,CPU,22.024
2025-10-01 21:00:00,DC-Room-1,A01,1-A01-srv-002,CPU,22.972
2025-10-01 22:00:00,DC-Room-1,A01,1-A01-srv-002,CPU,22.566
2025-10-01 23:00:00,DC-Room-1,A01,1-A01-srv-002,CPU,22.385
2025-09-30 00:00:00,DC-Room-1,A01,1-A01-srv-003,CPU,23.843
2025-09-30 01:00:00,DC-Room-1,A01,1-A01-srv-003,CPU,22.825
2025-09-30 02:00:00,DC-Room-1,A01,1-A01-srv-003,CPU,22.338
2025-09-30 03:00:00,DC-Room-1,A01,1-A01-srv-003,CPU,24.976
2025-09-30 04:00:00,DC-Room-1,A01,1-A01-srv-003,CPU,22.755
2025-09-30 05:00:00,DC-Room-1,A01,1-A01-srv-003,CPU,24.301
2025-09-30 06:00:00,DC-Room-1,A01,1-A01-srv-003,CPU,24.569
2025-09-30 07:00:00,DC-Room-1,A01,1-A01-srv-003,CPU,24.029
2025-09-30 08:00:00,DC-Room-1,A01,1-A01-srv-003,CPU,22.835
2025-09-30 09:00:00,DC-Room-1,A01,1-A01-srv-003,CPU,24.246
2025-09-30 10:00:00,DC-Room-1,A01,1-A01-srv-003,CPU,22.588
2025-09-30 11:00:00,DC-Room-1,A01,1-A01-srv-003,CPU,22.434
2025-09-30 12:00:00,DC-Room-1,A01,1-A01-srv-003,CPU,22.801
2025-09-30 13:00:00,DC-Room-1,A01,1-A01-srv-003,CPU,23.304
2025-09-30 14:00:00,DC-Room-1,A01,1-A01-srv-003,CPU,22.824
2025-09-30 15:00:00,DC-Room-1,A01,1-A01-srv-003,CPU,23.021
2025-09-30 16:00:00,DC-Room-1,A01,1-A01-srv-003,CPU,22.13
2025-09-30 17:00:00,DC-Room-1,A01,1-A01-srv-003,CPU,22.18
2025-09-30 18:00:00,DC-Room-1,A01,1-A01-srv-003,CPU,21.593
2025-09-30 19:00:00,DC-Room-1,A01,1-A01-srv-003,CPU,22.166
2025-09-30 20:00:00,DC-Room-1,A01,1-A01-srv-003,CPU,22.877
2025-09-30 21:00:00,DC-Room-1,A01,1-A01-srv-003,CPU,22.53
2025-09-30 22:00:00,DC-Room-1,A01,1-A01-srv-003,CPU,23.09
2025-09-30 23:00:00,DC-Room-1,A01,1-A01-srv-003,CPU,22.686
2025-10-01 00:00:00,DC-Room-1,A01,1-A01-srv-003,CPU,22.96
2025-10-01 01:00:00,DC-Room-1,A01,1-A01-srv-003,CPU,23.548
2025-10-01 02:00:00,DC-Room-1,A01,1-A01-srv-003,CPU,23.565
2025-10-01 03:00:00,DC-Room-1,A01,1-A01-srv-003,CPU,24.201
2025-10-01 04:00:00,DC-Room-1,A01,1-A01-srv-003,CPU,24.03
2025-10-01 05:00:00,DC-Room-1,A01,1-A01-srv-003,CPU,25.049
2025-10-01 06:00:00,DC-Room-1,A01,1-A01-srv-003,CPU,23.865
2025-10-01 07:00:00,DC-Room-1,A01,1-A01-srv-003,CPU,23.867
2025-10-01 08:00:00,DC-Room-1,A01,1-A01-srv-003,CPU,23.29
2025-10-01 09:00:00,DC-Room-1,A01,1-A01-srv-003,CPU,23.733
2025-10-01 10:00:00,DC-Room-1,A01,1-A01-srv-003,CPU,23.969
2025-10-01 11:00:00,DC-Room-1,A01,1-A01-srv-003,CPU,22.953
2025-10-01 12:00:00,DC-Room-1,A01,1-A01-srv-003,CPU,23.126
2025-10-01 13:00:00,DC-Room-1,A01,1-A01-srv-003,CPU,23.364
2025-10-01 14:00:00,DC-Room-1,A01,1-A01-srv-003,CPU,22.566
2025-10-01 15:00:00,DC-Room-1,A01,1-A01-srv-003,CPU,22.238
2025-10-01 16:00:00,DC-Room-1,A01,1-A01-srv-003,CPU,23.014
2025-10-01 17:00:00,DC-Room-1,A01,1-A01-srv-003,CPU,22.347
2025-10-01 18:00:00,DC-Room-1,A01,1-A01-srv-003,CPU,22.46
2025-10-01 19:00:00,DC-Room-1,A01,1-A01-srv-003,CPU,22.99
2025-10-01 20:00:00,DC-Room-1,A01,1-A01-srv-003,CPU,23.139
2025-10-01 21:00:00,DC-Room-1,A01,1-A01-srv-003,CPU,22.406
2025-10-01 22:00:00,DC-Room-1,A01,1-A01-srv-003,CPU,22.519
2025-10-01 23:00:00,DC-Room-1,A01,1-A01-srv-003,CPU,23.161
2025-09-30 00:00:00,DC-Room-1,A01,1-A01-gpu-001,GPU,24.3
2025-09-30 01:00:00,DC-Room-1,A01,1-A01-gpu-001,GPU,26.313
2025-09-30 02:00:00,DC-Room-1,A01,1-A01-gpu-001,GPU,26.286
2025-09-30 03:00:00,DC-Room-1,A01,1-A01-gpu-001,GPU,26.111
2025-09-30 04:00:00,DC-Room-1,A01,1-A01-gpu-001,GPU,27.458
2025-09-30 05:00:00,DC-Room-1,A01,1-A01-gpu-001,GPU,25.722
2025-09-30 06:00:00,DC-Room-1,A01,1-A01-gpu-001,GPU,26.094
2025-09-30 07:00:00,DC-Room-1,A01,1-A01-gpu-001,GPU,27.16
2025-09-30 08:00:00,DC-Room-1,A01,1-A01-gpu-001,GPU,27.607
2025-09-30 09:00:00,DC-Room-1,A01,1-A01-gpu-001,GPU,25.901
2025-09-30 10:00:00,DC-Room-1,A01,1-A01-gpu-001,GPU,27.0
2025-09-30 11:00:00,DC-Room-1,A01,1-A01-gpu-001,GPU,24.918
2025-09-30 12:00:00,DC-Room-1,A01,1-A01-gpu-001,GPU,25.444
2025-09-30 13:00:00,DC-Room-1,A01,1-A01-gpu-001,GPU,24.684
2025-09-30 14:00:00,DC-Room-1,A01,1-A01-gpu-001,GPU,23.425
2025-09-30 15:00:00,DC-Room-1,A01,1-A01-gpu-001,GPU,24.784
2025-09-30 16:00:00,DC-Room-1,A01,1-A01-gpu-001,GPU,25.139
2025-09-30 17:00:00,DC-Room-1,A01,1-A01-gpu-001,GPU,24.042
2025-09-30 18:00:00,DC-Room-1,A01,1-A01-gpu-001,GPU,24.089
2025-09-30 19:00:00,DC-Room-1,A01,1-A01-gpu-001,GPU,25.338
2025-09-30 20:00:00,DC-Room-1,A01,1-A01-gpu-001,GPU,23.24
2025-09-30 21:00:00,DC-Room-1,A01,1-A01-gpu-001,GPU,23.268
2025-09-30 22:00:00,DC-Room-1,A01,1-A01-gpu-001,GPU,24.206
2025-09-30 23:00:00,DC-Room-1,A01,1-A01-gpu-001,GPU,24.033
2025-10-01 00:00:00,DC-Room-1,A01,1-A01-gpu-001,GPU,26.425
2025-10-01 01:00:00,DC-Room-1,A01,1-A01-gpu-001,GPU,25.965
2025-10-01 02:00:00,DC-Room-1,A01,1-A01-gpu-001,GPU,25.272
2025-10-01 03:00:00,DC-Room-1,A01,1-A01-gpu-001,GPU,25.708
2025-10-01 04:00:00,DC-Room-1,A01,1-A01-gpu-001,GPU,28.603
2025-10-01 05:00:00,DC-Room-1,A01,1-A01-gpu-001,GPU,25.853
2025-10-01 06:00:00,DC-Room-1,A01,1-A01-gpu-001,GPU,25.725
2025-10-01 07:00:00,DC-Room-1,A01,1-A01-gpu-001,GPU,26.515
2025-10-01 08:00:00,DC-Room-1,A01,1-A01-gpu-001,GPU,26.576
2025-10-01 09:00:00,DC-Room-1,A01,1-A01-gpu-001,GPU,25.873
2025-10-01 10:00:00,DC-Room-1,A01,1-A01-gpu-001,GPU,24.718
2025-10-01 11:00:00,DC-Room-1,A01,1-A01-gpu-001,GPU,24.108
2025-10-01 12:00:00,DC-Room-1,A01,1-A01-gpu-001,GPU,25.201
2025-10-01 13:00:00,DC-Room-1,A01,1-A01-gpu-001,GPU,24.485
2025-10-01 14:00:00,DC-Room-1,A01,1-A01-gpu-001,GPU,22.951
2025-10-01 15:00:00,DC-Room-1,A01,1-A01-gpu-001,GPU,24.923
2025-10-01 16:00:00,DC-Room-1,A01,1-A01-gpu-001,GPU,24.384
2025-10-01 17:00:00,DC-Room-1,A01,1-A01-gpu-001,GPU,23.588
2025-10-01 18:00:00,DC-Room-1,A01,1-A01-gpu-001,GPU,23.603
2025-10-01 19:00:00,DC-Room-1,A01,1-A01-gpu-001,GPU,24.144
2025-10-01 20:00:00,DC-Room-1,A01,1-A01-gpu-001,GPU,23.655
2025-10-01 21:00:00,DC-Room-1,A01,1-A01-gpu-001,GPU,23.374
2025-10-01 22:00:00,DC-Room-1,A01,1-A01-gpu-001,GPU,24.986
2025-10-01 23:00:00,DC-Room-1,A01,1-A01-gpu-001,GPU,23.837
2025-09-30 00:00:00,DC-Room-1,A02,1-A02-srv-001,CPU,21.545
2025-09-30 01:00:00,DC-Room-1,A02,1-A02-srv-001,CPU,22.721
2025-09-30 02:00:00,DC-Room-1,A02,1-A02-srv-001,CPU,23.811
2025-09-30 03:00:00,DC-Room-1,A02,1-A02-srv-001,CPU,23.874
2025-09-30 04:00:00,DC-Room-1,A02,1-A02-srv-001,CPU,24.377
2025-09-30 05:00:00,DC-Room-1,A02,1-A02-srv-001,CPU,24.153
2025-09-30 06:00:00,DC-Room-1,A02,1-A02-srv-001,CPU,24.361
2025-09-30 07:00:00,DC-Room-1,A02,1-A02-srv-001,CPU,24.683
2025-09-30 08:00:00,DC-Room-1,A02,1-A02-srv-001,CPU,23.568
2025-09-30 09:00:00,DC-Room-1,A02,1-A02-srv-001,CPU,23.828
2025-09-30 10:00:00,DC-Room-1,A02,1-A02-srv-001,CPU,22.97
2025-09-30 11:00:00,DC-Room-1,A02,1-A02-srv-001,CPU,24.275
2025-09-30 12:00:00,DC-Room-1,A02,1-A02-srv-001,CPU,23.528
2025-09-30 13:00:00,DC-Room-1,A02,1-A02-srv-001,CPU,23.572
2025-09-30 14:00:00,DC-Room-1,A02,1-A02-srv-001,CPU,24.052
2025-09-30 15:00:00,DC-Room-1,A02,1-A02-srv-001,CPU,23.638
2025-09-30 16:00:00,DC-Room-1,A02,1-A02-srv-001,CPU,22.893
2025-09-30 17:00:00,DC-Room-1,A02,1-A02-srv-001,CPU,23.198
2025-09-30 18:00:00,DC-Room-1,A02,1-A02-srv-001,CPU,21.829
2025-09-30 19:00:00,DC-Room-1,A02,1-A02-srv-001,CPU,22.949
2025-09-30 20:00:00,DC-Room-1,A02,1-A02-srv-001,CPU,22.869
2025-09-30 21:00:00,DC-Room-1,A02,1-A02-srv-001,CPU,21.927
2025-09-30 22:00:00,DC-Room-1,A02,1-A02-srv-001,CPU,23.852
2025-09-30 23:00:00,DC-Room-1,A02,1-A02-srv-001,CPU,22.866
2025-10-01 00:00:00,DC-Room-1,A02,1-A02-srv-001,CPU,24.007
2025-10-01 01:00:00,DC-Room-1,A02,1-A02-srv-001,CPU,23.41
2025-10-01 02:00:00,DC-Room-1,A02,1-A02-srv-001,CPU,24.426
2025-10-01 03:00:00,DC-Room-1,A02,1-A02-srv-001,CPU,24.781
2025-10-01 04:00:00,DC-Room-1,A02,1-A02-srv-001,CPU,23.598
2025-10-01 05:00:00,DC-Room-1,A02,1-A02-srv-001,CPU,23.21
2025-10-01 06:00:00,DC-Room-1,A02,1-A02-srv-001,CPU,23.975
2025-10-01 07:00:00,DC-Room-1,A02,1-A02-srv-001,CPU,24.453
2025-10-01 08:00:00,DC-Room-1,A02,1-A02-srv-001,CPU,23.642
2025-10-01 09:00:00,DC-Room-1,A02,1-A02-srv-001,CPU,23.392
2025-10-01 10:00:00,DC-Room-1,A02,1-A02-srv-001,CPU,23.868
2025-10-01 11:00:00,DC-Room-1,A02,1-A02-srv-001,CPU,21.667
2025-10-01 12:00:00,DC-Room-1,A02,1-A02-srv-001,CPU,22.717
2025-10-01 13:00:00,DC-Room-1,A02,1-A02-srv-001,CPU,22.072
2025-10-01 14:00:00,DC-Room-1,A02,1-A02-srv-001,CPU,22.931
2025-10-01 15:00:00,DC-Room-1,A02,1-A02-srv-001,CPU,22.181
2025-10-01 16:00:00,DC-Room-1,A02,1-A02-srv-001,CPU,21.832
2025-10-01 17:00:00,DC-Room-1,A02,1-A02-srv-001,CPU,22.263
2025-10-01 18:00:00,DC-Room-1,A02,1-A02-srv-001,CPU,21.557
2025-10-01 19:00:00,DC-Room-1,A02,1-A02-srv-001,CPU,22.548
2025-10-01 20:00:00,DC-Room-1,A02,1-A02-srv-001,CPU,22.332
2025-10-01 21:00:00,DC-Room-1,A02,1-A02-srv-001,CPU,22.623
2025-10-01 22:00:00,DC-Room-1,A02,1-A02-srv-001,CPU,22.637
2025-10-01 23:00:00,DC-Room-1,A02,1-A02-srv-001,CPU,23.776
2025-09-30 00:00:00,DC-Room-1,A02,1-A02-srv-002,CPU,24.056
2025-09-30 01:00:00,DC-Room-1,A02,1-A02-srv-002,CPU,24.174
2025-09-30 02:00:00,DC-Room-1,A02,1-A02-srv-002,CPU,23.716
2025-09-30 03:00:00,DC-Room-1,A02,1-A02-srv-002,CPU,24.632
2025-09-30 04:00:00,DC-Room-1,A02,1-A02-srv-002,CPU,23.855
2025-09-30 05:00:00,DC-Room-1,A02,1-A02-srv-002,CPU,23.742
2025-09-30 06:00:00,DC-Room-1,A02,1-A02-srv-002,CPU,23.816
2025-09-30 07:00:00,DC-Room-1,A02,1-A02-srv-002,CPU,23.978
2025-09-30 08:00:00,DC-Room-1,A02,1-A02-srv-002,CPU,23.847
2025-09-30 09:00:00,DC-Room-1,A02,1-A02-srv-002,CPU,23.998
2025-09-30 10:00:00,DC-Room-1,A02,1-A02-srv-002,CPU,23.31
2025-09-30 11:00:00,DC-Room-1,A02,1-A02-srv-002,CPU,23.92
2025-09-30 12:00:00,DC-Room-1,A02,1-A02-srv-002,CPU,23.835
2025-09-30 13:00:00,DC-Room-1,A02,1-A02-srv-002,CPU,22.71
2025-09-30 14:00:00,DC-Room-1,A02,1-A02-srv-002,CPU,22.008
2025-09-30 15:00:00,DC-Room-1,A02,1-A02-srv-002,CPU,23.068
2025-09-30 16:00:00,DC-Room-1,A02,1-A02-srv-002,CPU,23.109
2025-09-30 17:00:00,DC-Room-1,A02,1-A02-srv-002,CPU,22.282
2025-09-30 18:00:00,DC-Room-1,A02,1-A02-srv-002,CPU,21.592
2025-09-30 19:00:00,DC-Room-1,A02,1-A02-srv-002,CPU,22.581
2025-09-30 20:00:00,DC-Room-1,A02,1-A02-srv-002,CPU,23.461
2025-09-30 21:00:00,DC-Room-1,A02,1-A02-srv-002,CPU,21.559
2025-09-30 22:00:00,DC-Room-1,A02,1-A02-srv-002,CPU,23.195
2025-09-30 23:00:00,DC-Room-1,A02,1-A02-srv-002,CPU,22.881
2025-10-01 00:00:00,DC-Room-1,A02,1-A02-srv-002,CPU,22.773
2025-10-01 01:00:00,DC-Room-1,A02,1-A02-srv-002,CPU,23.749
2025-10-01 02:00:00,DC-Room-1,A02,1-A02-srv-002,CPU,22.798
2025-10-01 03:00:00,DC-Room-1,A02,1-A02-srv-002,CPU,23.934
2025-10-01 04:00:00,DC-Room-1,A02,1-A02-srv-002,CPU,24.675
2025-10-01 05:00:00,DC-Room-1,A02,1-A02-srv-002,CPU,23.945
2025-10-01 06:00:00,DC-Room-1,A02,1-A02-srv-002,CPU,23.25
2025-10-01 07:00:00,DC-Room-1,A02,1-A02-srv-002,CPU,22.66
2025-10-01 08:00:00,DC-Room-1,A02,1-A02-srv-002,CPU,22.897
2025-10-01 09:00:00,DC-Room-1,A02,1-A02-srv-002,CPU,22.37
2025-10-01 10:00:00,DC-Room-1,A02,1-A02-srv-002,CPU,24.235
2025-10-01 11:00:00,DC-Room-1,A02,1-A02-srv-002,CPU,22.846
2025-10-01 12:00:00,DC-Room-1,A02,1-A02-srv-002,CPU,22.281
2025-10-01 13:00:00,DC-Room-1,A02,1-A02-srv-002,CPU,21.952
2025-10-01 14:00:00,DC-Room-1,A02,1-A02-srv-002,CPU,21.959
2025-10-01 15:00:00,DC-Room-1,A02,1-A02-srv-002,CPU,22.293
2025-10-01 16:00:00,DC-Room-1,A02,1-A02-srv-002,CPU,21.682
2025-10-01 17:00:00,DC-Room-1,A02,1-A02-srv-002,CPU,23.453
2025-10-01 18:00:00,DC-Room-1,A02,1-A02-srv-002,CPU,22.003
2025-10-01 19:00:00,DC-Room-1,A02,1-A02-srv-002,CPU,22.096
2025-10-01 20:00:00,DC-Room-1,A02,1-A02-srv-002,CPU,22.88
2025-10-01 21:00:00,DC-Room-1,A02,1-A02-srv-002,CPU,23.798
2025-10-01 22:00:00,DC-Room-1,A02,1-A02-srv-002,CPU,23.882
2025-10-01 23:00:00,DC-Room-1,A02,1-A02-srv-002,CPU,22.979
2025-09-30 00:00:00,DC-Room-1,A02,1-A02-srv-003,CPU,23.825
2025-09-30 01:00:00,DC-Room-1,A02,1-A02-srv-003,CPU,24.441
2025-09-30 02:00:00,DC-Room-1,A02,1-A02-srv-003,CPU,23.919
2025-09-30 03:00:00,DC-Room-1,A02,1-A02-srv-003,CPU,23.591
2025-09-30 04:00:00,DC-Room-1,A02,1-A02-srv-003,CPU,24.007
2025-09-30 05:00:00,DC-Room-1,A02,1-A02-srv-003,CPU,23.928
2025-09-30 06:00:00,DC-Room-1,A02,1-A02-srv-003,CPU,25.375
2025-09-30 07:00:00,DC-Room-1,A02,1-A02-srv-003,CPU,24.736
2025-09-30 08:00:00,DC-Room-1,A02,1-A02-srv-003,CPU,24.926
2025-09-30 09:00:00,DC-Room-1,A02,1-A02-srv-003,CPU,24.203
2025-09-30 10:00:00,DC-Room-1,A02,1-A02-srv-003,CPU,23.544
2025-09-30 11:00:00,DC-Room-1,A02,1-A02-srv-003,CPU,24.327
2025-09-30 12:00:00,DC-Room-1,A02,1-A02-srv-003,CPU,24.374
2025-09-30 13:00:00,DC-Room-1,A02,1-A02-srv-003,CPU,23.452
2025-09-30 14:00:00,DC-Room-1,A02,1-A02-srv-003,CPU,22.888
2025-09-30 15:00:00,DC-Room-1,A02,1-A02-srv-003,CPU,23.444
2025-09-30 16:00:00,DC-Room-1,A02,1-A02-srv-003,CPU,22.469
2025-09-30 17:00:00,DC-Room-1,A02,1-A02-srv-003,CPU,23.132
2025-09-30 18:00:00,DC-Room-1,A02,1-A02-srv-003,CPU,22.188
2025-09-30 19:00:00,DC-Room-1,A02,1-A02-srv-003,CPU,22.038
2025-09-30 20:00:00,DC-Room-1,A02,1-A02-srv-003,CPU,23.039
2025-09-30 21:00:00,DC-Room-1,A02,1-A02-srv-003,CPU,23.079
2025-09-30 22:00:00,DC-Room-1,A02,1-A02-srv-003,CPU,24.22
2025-09-30 23:00:00,DC-Room-1,A02,1-A02-srv-003,CPU,23.114
2025-10-01 00:00:00,DC-Room-1,A02,1-A02-srv-003,CPU,23.541
2025-10-01 01:00:00,DC-Room-1,A02,1-A02-srv-003,CPU,23.041
2025-10-01 02:00:00,DC-Room-1,A02,1-A02-srv-003,CPU,22.786
2025-10-01 03:00:00,DC-Room-1,A02,1-A02-srv-003,CPU,23.052
2025-10-01 04:00:00,DC-Room-1,A02,1-A02-srv-003,CPU,24.472
2025-10-01 05:00:00,DC-Room-1,A02,1-A02-srv-003,CPU,23.546
2025-10-01 06:00:00,DC-Room-1,A02,1-A02-srv-003,CPU,25.002
2025-10-01 07:00:00,DC-Room-1,A02,1-A02-srv-003,CPU,25.121
2025-10-01 08:00:00,DC-Room-1,A02,1-A02-srv-003,CPU,24.017
2025-10-01 09:00:00,DC-Room-1,A02,1-A02-srv-003,CPU,24.995
2025-10-01 10:00:00,DC-Room-1,A02,1-A02-srv-003,CPU,24.044
2025-10-01 11:00:00,DC-Room-1,A02,1-A02-srv-003,CPU,24.261
2025-10-01 12:00:00,DC-Room-1,A02,1-A02-srv-003,CPU,23.181
2025-10-01 13:00:00,DC-Room-1,A02,1-A02-srv-003,CPU,23.638
2025-10-01 14:00:00,DC-Room-1,A02,1-A02-srv-003,CPU,22.401
2025-10-01 15:00:00,DC-Room-1,A02,1-A02-srv-003,CPU,23.221
2025-10-01 16:00:00,DC-Room-1,A02,1-A02-srv-003,CPU,22.469
2025-10-01 17:00:00,DC-Room-1,A02,1-A02-srv-003,CPU,22.567
2025-10-01 18:00:00,DC-Room-1,A02,1-A02-srv-003,CPU,23.063
2025-10-01 19:00:00,DC-Room-1,A02,1-A02-srv-003,CPU,22.87
2025-10-01 20:00:00,DC-Room-1,A02,1-A02-srv-003,CPU,22.814
2025-10-01 21:00:00,DC-Room-1,A02,1-A02-srv-003,CPU,23.388
2025-10-01 22:00:00,DC-Room-1,A02,1-A02-srv-003,CPU,23.575
2025-10-01 23:00:00,DC-Room-1,A02,1-A02-srv-003,CPU,22.484
2025-09-30 00:00:00,DC-Room-1,A03,1-A03-srv-001,CPU,23.094
2025-09-30 01:00:00,DC-Room-1,A03,1-A03-srv-001,CPU,23.137
2025-09-30 02:00:00,DC-Room-1,A03,1-A03-srv-001,CPU,23.103
2025-09-30 03:00:00,DC-Room-1,A03,1-A03-srv-001,CPU,22.306
2025-09-30 04:00:00,DC-Room-1,A03,1-A03-srv-001,CPU,23.566
2025-09-30 05:00:00,DC-Room-1,A03,1-A03-srv-001,CPU,22.932
2025-09-30 06:00:00,DC-Room-1,A03,1-A03-srv-001,CPU,23.578
2025-09-30 07:00:00,DC-Room-1,A03,1-A03-srv-001,CPU,23.862
2025-09-30 08:00:00,DC-Room-1,A03,1-A03-srv-001,CPU,23.084
2025-09-30 09:00:00,DC-Room-1,A03,1-A03-srv-001,CPU,22.676
2025-09-30 10:00:00,DC-Room-1,A03,1-A03-srv-001,CPU,23.644
2025-09-30 11:00:00,DC-Room-1,A03,1-A03-srv-001,CPU,22.957
2025-09-30 12:00:00,DC-Room-1,A03,1-A03-srv-001,CPU,22.19
2025-09-30 13:00:00,DC-Room-1,A03,1-A03-srv-001,CPU,20.525
2025-09-30 14:00:00,DC-Room-1,A03,1-A03-srv-001,CPU,22.158
2025-09-30 15:00:00,DC-Room-1,A03,1-A03-srv-001,CPU,22.45
2025-09-30 16:00:00,DC-Room-1,A03,1-A03-srv-001,CPU,22.598
2025-09-30 17:00:00,DC-Room-1,A03,1-A03-srv-001,CPU,21.429
2025-09-30 18:00:00,DC-Room-1,A03,1-A03-srv-001,CPU,21.481
2025-09-30 19:00:00,DC-Room-1,A03,1-A03-srv-001,CPU,21.658
2025-09-30 20:00:00,DC-Room-1,A03,1-A03-srv-001,CPU,22.543
2025-09-30 21:00:00,DC-Room-1,A03,1-A03-srv-001,CPU,21.401
2025-09-30 22:00:00,DC-Room-1,A03,1-A03-srv-001,CPU,22.266
2025-09-30 23:00:00,DC-Room-1,A03,1-A03-srv-001,CPU,21.941
2025-10-01 00:00:00,DC-Room-1,A03,1-A03-srv-001,CPU,22.757
2025-10-01 01:00:00,DC-Room-1,A03,1-A03-srv-001,CPU,21.838
2025-10-01 02:00:00,DC-Room-1,A03,1-A03-srv-001,CPU,23.201
2025-10-01 03:00:00,DC-Room-1,A03,1-A03-srv-001,CPU,22.93
2025-10-01 04:00:00,DC-Room-1,A03,1-A03-srv-001,CPU,23.178
2025-10-01 05:00:00,DC-Room-1,A03,1-A03-srv-001,CPU,23.611
2025-10-01 06:00:00,DC-Room-1,A03,1-A03-srv-001,CPU,24.081
2025-10-01 07:00:00,DC-Room-1,A03,1-A03-srv-001,CPU,22.321
2025-10-01 08:00:00,DC-Room-1,A03,1-A03-srv-001,CPU,23.813
2025-10-01 09:00:00,DC-Room-1,A03,1-A03-srv-001,CPU,23.334
2025-10-01 10:00:00,DC-Room-1,A03,1-A03-srv-001,CPU,22.582
2025-10-01 11:00:00,DC-Room-1,A03,1-A03-srv-001,CPU,23.466
2025-10-01 12:00:00,DC-Room-1,A03,1-A03-srv-001,CPU,22.511
2025-10-01 13:00:00,DC-Room-1,A03,1-A03-srv-001,CPU,22.945
2025-10-01 14:00:00,DC-Room-1,A03,1-A03-srv-001,CPU,21.612
2025-10-01 15:00:00,DC-Room-1,A03,1-A03-srv-001,CPU,21.388
2025-10-01 16:00:00,DC-Room-1,A03,1-A03-srv-001,CPU,22.524
2025-10-01 17:00:00,DC-Room-1,A03,1-A03-srv-001,CPU,23.084
2025-10-01 18:00:00,DC-Room-1,A03,1-A03-srv-001,CPU,22.2
2025-10-01 19:00:00,DC-Room-1,A03,1-A03-srv-001,CPU,22.443
2025-10-01 20:00:00,DC-Room-1,A03,1-A03-srv-001,CPU,21.707
2025-10-01 21:00:00,DC-Room-1,A03,1-A03-srv-001,CPU,21.396
2025-10-01 22:00:00,DC-Room-1,A03,1-A03-srv-001,CPU,22.333
2025-10-01 23:00:00,DC-Room-1,A03,1-A03-srv-001,CPU,23.577
2025-09-30 00:00:00,DC-Room-1,A03,1-A03-srv-002,CPU,22.486
2025-09-30 01:00:00,DC-Room-1,A03,1-A03-srv-002,CPU,22.514
2025-09-30 02:00:00,DC-Room-1,A03,1-A03-srv-002,CPU,23.64
2025-09-30 03:00:00,DC-Room-1,A03,1-A03-srv-002,CPU,23.524
2025-09-30 04:00:00,DC-Room-1,A03,1-A03-srv-002,CPU,23.741
2025-09-30 05:00:00,DC-Room-1,A03,1-A03-srv-002,CPU,23.829
2025-09-30 06:00:00,DC-Room-1,A03,1-A03-srv-002,CPU,22.996
2025-09-30 07:00:00,DC-Room-1,A03,1-A03-srv-002,CPU,24.208
2025-09-30 08:00:00,DC-Room-1,A03,1-A03-srv-002,CPU,23.77
2025-09-30 09:00:00,DC-Room-1,A03,1-A03-srv-002,CPU,23.43
2025-09-30 10:00:00,DC-Room-1,A03,1-A03-srv-002,CPU,23.481
2025-09-30 11:00:00,DC-Room-1,A03,1-A03-srv-002,CPU,23.696
2025-09-30 12:00:00,DC-Room-1,A03,1-A03-srv-002,CPU,22.912
2025-09-30 13:00:00,DC-Room-1,A03,1-A03-srv-002,CPU,22.089
2025-09-30 14:00:00,DC-Room-1,A03,1-A03-srv-002,CPU,23.072
2025-09-30 15:00:00,DC-Room-1,A03,1-A03-srv-002,CPU,21.96
2025-09-30 16:00:00,DC-Room-1,A03,1-A03-srv-002,CPU,21.672
2025-09-30 17:00:00,DC-Room-1,A03,1-A03-srv-002,CPU,21.097
2025-09-30 18:00:00,DC-Room-1,A03,1-A03-srv-002,CPU,21.998
2025-09-30 19:00:00,DC-Room-1,A03,1-A03-srv-002,CPU,21.404
2025-09-30 20:00:00,DC-Room-1,A03,1-A03-srv-002,CPU,21.873
2025-09-30 21:00:00,DC-Room-1,A03,1-A03-srv-002,CPU,22.547
2025-09-30 22:00:00,DC-Room-1,A03,1-A03-srv-002,CPU,22.483
2025-09-30 23:00:00,DC-Room-1,A03,1-A03-srv-002,CPU,23.359
2025-10-01 00:00:00,DC-Room-1,A03,1-A03-srv-002,CPU,23.174
2025-10-01 01:00:00,DC-Room-1,A03,1-A03-srv-002,CPU,22.931
2025-10-01 02:00:00,DC-Room-1,A03,1-A03-srv-002,CPU,23.192
2025-10-01 03:00:00,DC-Room-1,A03,1-A03-srv-002,CPU,23.196
2025-10-01 04:00:00,DC-Room-1,A03,1-A03-srv-002,CPU,23.991
2025-10-01 05:00:00,DC-Room-1,A03,1-A03-srv-002,CPU,23.743
2025-10-01 06:00:00,DC-Room-1,A03,1-A03-srv-002,CPU,23.572
2025-10-01 07:00:00,DC-Room-1,A03,1-A03-srv-002,CPU,24.177
2025-10-01 08:00:00,DC-Room-1,A03,1-A03-srv-002,CPU,23.648
2025-10-01 09:00:00,DC-Room-1,A03,1-A03-srv-002,CPU,23.25
2025-10-01 10:00:00,DC-Room-1,A03,1-A03-srv-002,CPU,22.404
2025-10-01 11:00:00,DC-Room-1,A03,1-A03-srv-002,CPU,23.378
2025-10-01 12:00:00,DC-Room-1,A03,1-A03-srv-002,CPU,23.121
2025-10-01 13:00:00,DC-Room-1,A03,1-A03-srv-002,CPU,22.783
2025-10-01 14:00:00,DC-Room-1,A03,1-A03-srv-002,CPU,22.338
2025-10-01 15:00:00,DC-Room-1,A03,1-A03-srv-002,CPU,21.958
2025-10-01 16:00:00,DC-Room-1,A03,1-A03-srv-002,CPU,22.136
2025-10-01 17:00:00,DC-Room-1,A03,1-A03-srv-002,CPU,22.393
2025-10-01 18:00:00,DC-Room-1,A03,1-A03-srv-002,CPU,22.189
2025-10-01 19:00:00,DC-Room-1,A03,1-A03-srv-002,CPU,22.302
2025-10-01 20:00:00,DC-Room-1,A03,1-A03-srv-002,CPU,22.339
2025-10-01 21:00:00,DC-Room-1,A03,1-A03-srv-002,CPU,23.025
2025-10-01 22:00:00,DC-Room-1,A03,1-A03-srv-002,CPU,23.14
2025-10-01 23:00:00,DC-Room-1,A03,1-A03-srv-002,CPU,22.782
2025-09-30 00:00:00,DC-Room-1,A03,1-A03-srv-003,CPU,23.113
2025-09-30 01:00:00,DC-Room-1,A03,1-A03-srv-003,CPU,23.857
2025-09-30 02:00:00,DC-Room-1,A03,1-A03-srv-003,CPU,22.557
2025-09-30 03:00:00,DC-Room-1,A03,1-A03-srv-003,CPU,22.885
2025-09-30 04:00:00,DC-Room-1,A03,1-A03-srv-003,CPU,22.422
2025-09-30 05:00:00,DC-Room-1,A03,1-A03-srv-003,CPU,24.075
2025-09-30 06:00:00,DC-Room-1,A03,1-A03-srv-003,CPU,23.727
2025-09-30 07:00:00,DC-Room-1,A03,1-A03-srv-003,CPU,23.311
2025-09-30 08:00:00,DC-Room-1,A03,1-A03-srv-003,CPU,23.208
2025-09-30 09:00:00,DC-Room-1,A03,1-A03-srv-003,CPU,23.257
2025-09-30 10:00:00,DC-Room-1,A03,1-A03-srv-003,CPU,22.934
2025-09-30 11:00:00,DC-Room-1,A03,1-A03-srv-003,CPU,23.081
2025-09-30 12:00:00,DC-Room-1,A03,1-A03-srv-003,CPU,22.728
2025-09-30 13:00:00,DC-Room-1,A03,1-A03-srv-003,CPU,23.617
2025-09-30 14:00:00,DC-Room-1,A03,1-A03-srv-003,CPU,22.737
2025-09-30 15:00:00,DC-Room-1,A03,1-A03-srv-003,CPU,21.896
2025-09-30 16:00:00,DC-Room-1,A03,1-A03-srv-003,CPU,21.943
2025-09-30 17:00:00,DC-Room-1,A03,1-A03-srv-003,CPU,22.959
2025-09-30 18:00:00,DC-Room-1,A03,1-A03-srv-003,CPU,22.513
2025-09-30 19:00:00,DC-Room-1,A03,1-A03-srv-003,CPU,22.476
2025-09-30 20:00:00,DC-Room-1,A03,1-A03-srv-003,CPU,22.827
2025-09-30 21:00:00,DC-Room-1,A03,1-A03-srv-003,CPU,23.458
2025-09-30 22:00:00,DC-Room-1,A03,1-A03-srv-003,CPU,22.046
2025-09-30 23:00:00,DC-Room-1,A03,1-A03-srv-003,CPU,22.587
2025-10-01 00:00:00,DC-Room-1,A03,1-A03-srv-003,CPU,22.157
2025-10-01 01:00:00,DC-Room-1,A03,1-A03-srv-003,CPU,23.659
2025-10-01 02:00:00,DC-Room-1,A03,1-A03-srv-003,CPU,23.289
2025-10-01 03:00:00,DC-Room-1,A03,1-A03-srv-003,CPU,23.263
2025-10-01 04:00:00,DC-Room-1,A03,1-A03-srv-003,CPU,23.374
2025-10-01 05:00:00,DC-Room-1,A03,1-A03-srv-003,CPU,24.347
2025-10-01 06:00:00,DC-Room-1,A03,1-A03-srv-003,CPU,23.893
2025-10-01 07:00:00,DC-Room-1,A03,1-A03-srv-003,CPU,23.651
2025-10-01 08:00:00,DC-Room-1,A03,1-A03-srv-003,CPU,24.663
2025-10-01 09:00:00,DC-Room-1,A03,1-A03-srv-003,CPU,23.161
2025-10-01 10:00:00,DC-Room-1,A03,1-A03-srv-003,CPU,22.862
2025-10-01 11:00:00,DC-Room-1,A03,1-A03-srv-003,CPU,24.963
2025-10-01 12:00:00,DC-Room-1,A03,1-A03-srv-003,CPU,22.885
2025-10-01 13:00:00,DC-Room-1,A03,1-A03-srv-003,CPU,22.572
2025-10-01 14:00:00,DC-Room-1,A03,1-A03-srv-003,CPU,22.376
2025-10-01 15:00:00,DC-Room-1,A03,1-A03-srv-003,CPU,22.566
2025-10-01 16:00:00,DC-Room-1,A03,1-A03-srv-003,CPU,22.996
2025-10-01 17:00:00,DC-Room-1,A03,1-A03-srv-003,CPU,22.994
2025-10-01 18:00:00,DC-Room-1,A03,1-A03-srv-003,CPU,22.894
2025-10-01 19:00:00,DC-Room-1,A03,1-A03-srv-003,CPU,22.453
2025-10-01 20:00:00,DC-Room-1,A03,1-A03-srv-003,CPU,21.931
2025-10-01 21:00:00,DC-Room-1,A03,1-A03-srv-003,CPU,23.193
2025-10-01 22:00:00,DC-Room-1,A03,1-A03-srv-003,CPU,24.169
2025-10-01 23:00:00,DC-Room-1,A03,1-A03-srv-003,CPU,24.082
2025-09-30 00:00:00,DC-Room-1,A03,1-A03-gpu-001,GPU,25.623
2025-09-30 01:00:00,DC-Room-1,A03,1-A03-gpu-001,GPU,25.782
2025-09-30 02:00:00,DC-Room-1,A03,1-A03-gpu-001,GPU,26.353
2025-09-30 03:00:00,DC-Room-1,A03,1-A03-gpu-001,GPU,26.895
2025-09-30 04:00:00,DC-Room-1,A03,1-A03-gpu-001,GPU,27.076
2025-09-30 05:00:00,DC-Room-1,A03,1-A03-gpu-001,GPU,26.352
2025-09-30 06:00:00,DC-Room-1,A03,1-A03-gpu-001,GPU,26.776
2025-09-30 07:00:00,DC-Room-1,A03,1-A03-gpu-001,GPU,25.29
2025-09-30 08:00:00,DC-Room-1,A03,1-A03-gpu-001,GPU,26.667
2025-09-30 09:00:00,DC-Room-1,A03,1-A03-gpu-001,GPU,26.375
2025-09-30 10:00:00,DC-Room-1,A03,1-A03-gpu-001,GPU,25.331
2025-09-30 11:00:00,DC-Room-1,A03,1-A03-gpu-001,GPU,24.774
2025-09-30 12:00:00,DC-Room-1,A03,1-A03-gpu-001,GPU,24.962
2025-09-30 13:00:00,DC-Room-1,A03,1-A03-gpu-001,GPU,23.637
2025-09-30 14:00:00,DC-Room-1,A03,1-A03-gpu-001,GPU,24.62
2025-09-30 15:00:00,DC-Room-1,A03,1-A03-gpu-001,GPU,24.32
2025-09-30 16:00:00,DC-Room-1,A03,1-A03-gpu-001,GPU,23.162
2025-09-30 17:00:00,DC-Room-1,A03,1-A03-gpu-001,GPU,23.915
2025-09-30 18:00:00,DC-Room-1,A03,1-A03-gpu-001,GPU,24.698
2025-09-30 19:00:00,DC-Room-1,A03,1-A03-gpu-001,GPU,24.778
2025-09-30 20:00:00,DC-Room-1,A03,1-A03-gpu-001,GPU,24.919
2025-09-30 21:00:00,DC-Room-1,A03,1-A03-gpu-001,GPU,24.266
2025-09-30 22:00:00,DC-Room-1,A03,1-A03-gpu-001,GPU,24.496
2025-09-30 23:00:00,DC-Room-1,A03,1-A03-gpu-001,GPU,24.864
2025-10-01 00:00:00,DC-Room-1,A03,1-A03-gpu-001,GPU,25.985
2025-10-01 01:00:00,DC-Room-1,A03,1-A03-gpu-001,GPU,27.687
2025-10-01 02:00:00,DC-Room-1,A03,1-A03-gpu-001,GPU,27.346
2025-10-01 03:00:00,DC-Room-1,A03,1-A03-gpu-001,GPU,27.752
2025-10-01 04:00:00,DC-Room-1,A03,1-A03-gpu-001,GPU,27.742
2025-10-01 05:00:00,DC-Room-1,A03,1-A03-gpu-001,GPU,25.38
2025-10-01 06:00:00,DC-Room-1,A03,1-A03-gpu-001,GPU,26.546
2025-10-01 07:00:00,DC-Room-1,A03,1-A03-gpu-001,GPU,26.219
2025-10-01 08:00:00,DC-Room-1,A03,1-A03-gpu-001,GPU,27.366
2025-10-01 09:00:00,DC-Room-1,A03,1-A03-gpu-001,GPU,27.4
2025-10-01 10:00:00,DC-Room-1,A03,1-A03-gpu-001,GPU,25.201
2025-10-01 11:00:00,DC-Room-1,A03,1-A03-gpu-001,GPU,25.454
2025-10-01 12:00:00,DC-Room-1,A03,1-A03-gpu-001,GPU,25.46
2025-10-01 13:00:00,DC-Room-1,A03,1-A03-gpu-001,GPU,24.268
2025-10-01 14:00:00,DC-Room-1,A03,1-A03-gpu-001,GPU,23.887
2025-10-01 15:00:00,DC-Room-1,A03,1-A03-gpu-001,GPU,23.566
2025-10-01 16:00:00,DC-Room-1,A03,1-A03-gpu-001,GPU,24.607
2025-10-01 17:00:00,DC-Room-1,A03,1-A03-gpu-001,GPU,23.069
2025-10-01 18:00:00,DC-Room-1,A03,1-A03-gpu-001,GPU,24.652
2025-10-01 19:00:00,DC-Room-1,A03,1-A03-gpu-001,GPU,23.965
2025-10-01 20:00:00,DC-Room-1,A03,1-A03-gpu-001,GPU,24.627
2025-10-01 21:00:00,DC-Room-1,A03,1-A03-gpu-001,GPU,25.559
2025-10-01 22:00:00,DC-Room-1,A03,1-A03-gpu-001,GPU,24.138
2025-10-01 23:00:00,DC-Room-1,A03,1-A03-gpu-001,GPU,24.265
2025-09-30 00:00:00,DC-Room-2,A01,2-A01-srv-001,CPU,23.661
2025-09-30 01:00:00,DC-Room-2,A01,2-A01-srv-001,CPU,23.565
2025-09-30 02:00:00,DC-Room-2,A01,2-A01-srv-001,CPU,23.37
2025-09-30 03:00:00,DC-Room-2,A01,2-A01-srv-001,CPU,24.01
2025-09-30 04:00:00,DC-Room-2,A01,2-A01-srv-001,CPU,24.258
2025-09-30 05:00:00,DC-Room-2,A01,2-A01-srv-001,CPU,24.889
2025-09-30 06:00:00,DC-Room-2,A01,2-A01-srv-001,CPU,25.15
2025-09-30 07:00:00,DC-Room-2,A01,2-A01-srv-001,CPU,23.871
2025-09-30 08:00:00,DC-Room-2,A01,2-A01-srv-001,CPU,24.214
2025-09-30 09:00:00,DC-Room-2,A01,2-A01-srv-001,CPU,24.66
2025-09-30 10:00:00,DC-Room-2,A01,2-A01-srv-001,CPU,24.876
2025-09-30 11:00:00,DC-Room-2,A01,2-A01-srv-001,CPU,22.456
2025-09-30 12:00:00,DC-Room-2,A01,2-A01-srv-001,CPU,24.504
2025-09-30 13:00:00,DC-Room-2,A01,2-A01-srv-001,CPU,23.465
2025-09-30 14:00:00,DC-Room-2,A01,2-A01-srv-001,CPU,24.285
2025-09-30 15:00:00,DC-Room-2,A01,2-A01-srv-001,CPU,22.993
2025-09-30 16:00:00,DC-Room-2,A01,2-A01-srv-001,CPU,22.68
2025-09-30 17:00:00,DC-Room-2,A01,2-A01-srv-001,CPU,23.076
2025-09-30 18:00:00,DC-Room-2,A01,2-A01-srv-001,CPU,23.735
2025-09-30 19:00:00,DC-Room-2,A01,2-A01-srv-001,CPU,23.081
2025-09-30 20:00:00,DC-Room-2,A01,2-A01-srv-001,CPU,21.709
2025-09-30 21:00:00,DC-Room-2,A01,2-A01-srv-001,CPU,23.694
2025-09-30 22:00:00,DC-Room-2,A01,2-A01-srv-001,CPU,22.462
2025-09-30 23:00:00,DC-Room-2,A01,2-A01-srv-001,CPU,23.024
2025-10-01 00:00:00,DC-Room-2,A01,2-A01-srv-001,CPU,23.139
2025-10-01 01:00:00,DC-Room-2,A01,2-A01-srv-001,CPU,22.957
2025-10-01 02:00:00,DC-Room-2,A01,2-A01-srv-001,CPU,23.507
2025-10-01 03:00:00,DC-Room-2,A01,2-A01-srv-001,CPU,23.926
2025-10-01 04:00:00,DC-Room-2,A01,2-A01-srv-001,CPU,24.228
2025-10-01 05:00:00,DC-Room-2,A01,2-A01-srv-001,CPU,24.625
2025-10-01 06:00:00,DC-Room-2,A01,2-A01-srv-001,CPU,24.389
2025-10-01 07:00:00,DC-Room-2,A01,2-A01-srv-001,CPU,23.662
2025-10-01 08:00:00,DC-Room-2,A01,2-A01-srv-001,CPU,24.384
2025-10-01 09:00:00,DC-Room-2,A01,2-A01-srv-001,CPU,24.979
2025-10-01 10:00:00,DC-Room-2,A01,2-A01-srv-001,CPU,24.743
2025-10-01 11:00:00,DC-Room-2,A01,2-A01-srv-001,CPU,24.032
2025-10-01 12:00:00,DC-Room-2,A01,2-A01-srv-001,CPU,24.173
2025-10-01 13:00:00,DC-Room-2,A01,2-A01-srv-001,CPU,24.13
2025-10-01 14:00:00,DC-Room-2,A01,2-A01-srv-001,CPU,24.284
2025-10-01 15:00:00,DC-Room-2,A01,2-A01-srv-001,CPU,24.299
2025-10-01 16:00:00,DC-Room-2,A01,2-A01-srv-001,CPU,23.068
2025-10-01 17:00:00,DC-Room-2,A01,2-A01-srv-001,CPU,23.113
2025-10-01 18:00:00,DC-Room-2,A01,2-A01-srv-001,CPU,24.204
2025-10-01 19:00:00,DC-Room-2,A01,2-A01-srv-001,CPU,24.294
2025-10-01 20:00:00,DC-Room-2,A01,2-A01-srv-001,CPU,24.4
2025-10-01 21:00:00,DC-Room-2,A01,2-A01-srv-001,CPU,22.245
2025-10-01 22:00:00,DC-Room-2,A01,2-A01-srv-001,CPU,23.728
2025-10-01 23:00:00,DC-Room-2,A01,2-A01-srv-001,CPU,22.113
2025-09-30 00:00:00,DC-Room-2,A01,2-A01-srv-002,CPU,23.415
2025-09-30 01:00:00,DC-Room-2,A01,2-A01-srv-002,CPU,23.867
2025-09-30 02:00:00,DC-Room-2,A01,2-A01-srv-002,CPU,24.746
2025-09-30 03:00:00,DC-Room-2,A01,2-A01-srv-002,CPU,22.873
2025-09-30 04:00:00,DC-Room-2,A01,2-A01-srv-002,CPU,23.389
2025-09-30 05:00:00,DC-Room-2,A01,2-A01-srv-002,CPU,23.366
2025-09-30 06:00:00,DC-Room-2,A01,2-A01-srv-002,CPU,23.907
2025-09-30 07:00:00,DC-Room-2,A01,2-A01-srv-002,CPU,23.212
2025-09-30 08:00:00,DC-Room-2,A01,2-A01-srv-002,CPU,24.521
2025-09-30 09:00:00,DC-Room-2,A01,2-A01-srv-002,CPU,24.161
2025-09-30 10:00:00,DC-Room-2,A01,2-A01-srv-002,CPU,23.745
2025-09-30 11:00:00,DC-Room-2,A01,2-A01-srv-002,CPU,23.284
2025-09-30 12:00:00,DC-Room-2,A01,2-A01-srv-002,CPU,23.577
2025-09-30 13:00:00,DC-Room-2,A01,2-A01-srv-002,CPU,23.444
2025-09-30 14:00:00,DC-Room-2,A01,2-A01-srv-002,CPU,23.398
2025-09-30 15:00:00,DC-Room-2,A01,2-A01-srv-002,CPU,22.568
2025-09-30 16:00:00,DC-Room-2,A01,2-A01-srv-002,CPU,23.284
2025-09-30 17:00:00,DC-Room-2,A01,2-A01-srv-002,CPU,21.875
2025-09-30 18:00:00,DC-Room-2,A01,2-A01-srv-002,CPU,23.451
2025-09-30 19:00:00,DC-Room-2,A01,2-A01-srv-002,CPU,20.905
2025-09-30 20:00:00,DC-Room-2,A01,2-A01-srv-002,CPU,22.529
2025-09-30 21:00:00,DC-Room-2,A01,2-A01-srv-002,CPU,22.36
2025-09-30 22:00:00,DC-Room-2,A01,2-A01-srv-002,CPU,23.723
2025-09-30 23:00:00,DC-Room-2,A01,2-A01-srv-002,CPU,22.496
2025-10-01 00:00:00,DC-Room-2,A01,2-A01-srv-002,CPU,24.714
2025-10-01 01:00:00,DC-Room-2,A01,2-A01-srv-002,CPU,22.891
2025-10-01 02:00:00,DC-Room-2,A01,2-A01-srv-002,CPU,25.239
2025-10-01 03:00:00,DC-Room-2,A01,2-A01-srv-002,CPU,24.447
2025-10-01 04:00:00,DC-Room-2,A01,2-A01-srv-002,CPU,24.335
2025-10-01 05:00:00,DC-Room-2,A01,2-A01-srv-002,CPU,24.66
2025-10-01 06:00:00,DC-Room-2,A01,2-A01-srv-002,CPU,25.749
2025-10-01 07:00:00,DC-Room-2,A01,2-A01-srv-002,CPU,24.884
2025-10-01 08:00:00,DC-Room-2,A01,2-A01-srv-002,CPU,22.943
2025-10-01 09:00:00,DC-Room-2,A01,2-A01-srv-002,CPU,24.816
2025-10-01 10:00:00,DC-Room-2,A01,2-A01-srv-002,CPU,24.052
2025-10-01 11:00:00,DC-Room-2,A01,2-A01-srv-002,CPU,22.827
2025-10-01 12:00:00,DC-Room-2,A01,2-A01-srv-002,CPU,24.059
2025-10-01 13:00:00,DC-Room-2,A01,2-A01-srv-002,CPU,22.616
2025-10-01 14:00:00,DC-Room-2,A01,2-A01-srv-002,CPU,23.35
2025-10-01 15:00:00,DC-Room-2,A01,2-A01-srv-002,CPU,23.294
2025-10-01 16:00:00,DC-Room-2,A01,2-A01-srv-002,CPU,22.732
2025-10-01 17:00:00,DC-Room-2,A01,2-A01-srv-002,CPU,23.484
2025-10-01 18:00:00,DC-Room-2,A01,2-A01-srv-002,CPU,22.521
2025-10-01 19:00:00,DC-Room-2,A01,2-A01-srv-002,CPU,23.314
2025-10-01 20:00:00,DC-Room-2,A01,2-A01-srv-002,CPU,22.962
2025-10-01 21:00:00,DC-Room-2,A01,2-A01-srv-002,CPU,23.425
2025-10-01 22:00:00,DC-Room-2,A01,2-A01-srv-002,CPU,24.866
2025-10-01 23:00:00,DC-Room-2,A01,2-A01-srv-002,CPU,23.967
2025-09-30 00:00:00,DC-Room-2,A01,2-A01-srv-003,CPU,23.393
2025-09-30 01:00:00,DC-Room-2,A01,2-A01-srv-003,CPU,24.942
2025-09-30 02:00:00,DC-Room-2,A01,2-A01-srv-003,CPU,24.455
2025-09-30 03:00:00,DC-Room-2,A01,2-A01-srv-003,CPU,23.978
2025-09-30 04:00:00,DC-Room-2,A01,2-A01-srv-003,CPU,24.278
2025-09-30 05:00:00,DC-Room-2,A01,2-A01-srv-003,CPU,24.631
2025-09-30 06:00:00,DC-Room-2,A01,2-A01-srv-003,CPU,24.908
2025-09-30 07:00:00,DC-Room-2,A01,2-A01-srv-003,CPU,23.386
2025-09-30 08:00:00,DC-Room-2,A01,2-A01-srv-003,CPU,24.771
2025-09-30 09:00:00,DC-Room-2,A01,2-A01-srv-003,CPU,23.943
2025-09-30 10:00:00,DC-Room-2,A01,2-A01-srv-003,CPU,23.494
2025-09-30 11:00:00,DC-Room-2,A01,2-A01-srv-003,CPU,23.474
2025-09-30 12:00:00,DC-Room-2,A01,2-A01-srv-003,CPU,24.008
2025-09-30 13:00:00,DC-Room-2,A01,2-A01-srv-003,CPU,24.361
2025-09-30 14:00:00,DC-Room-2,A01,2-A01-srv-003,CPU,23.188
2025-09-30 15:00:00,DC-Room-2,A01,2-A01-srv-003,CPU,23.305
2025-09-30 16:00:00,DC-Room-2,A01,2-A01-srv-003,CPU,22.383
2025-09-30 17:00:00,DC-Room-2,A01,2-A01-srv-003,CPU,23.158
2025-09-30 18:00:00,DC-Room-2,A01,2-A01-srv-003,CPU,23.337
2025-09-30 19:00:00,DC-Room-2,A01,2-A01-srv-003,CPU,21.995
2025-09-30 20:00:00,DC-Room-2,A01,2-A01-srv-003,CPU,22.625
2025-09-30 21:00:00,DC-Room-2,A01,2-A01-srv-003,CPU,23.63
2025-09-30 22:00:00,DC-Room-2,A01,2-A01-srv-003,CPU,22.214
2025-09-30 23:00:00,DC-Room-2,A01,2-A01-srv-003,CPU,23.261
2025-10-01 00:00:00,DC-Room-2,A01,2-A01-srv-003,CPU,24.015
2025-10-01 01:00:00,DC-Room-2,A01,2-A01-srv-003,CPU,22.862
2025-10-01 02:00:00,DC-Room-2,A01,2-A01-srv-003,CPU,23.86
2025-10-01 03:00:00,DC-Room-2,A01,2-A01-srv-003,CPU,24.197
2025-10-01 04:00:00,DC-Room-2,A01,2-A01-srv-003,CPU,24.79
2025-10-01 05:00:00,DC-Room-2,A01,2-A01-srv-003,CPU,23.45
2025-10-01 06:00:00,DC-Room-2,A01,2-A01-srv-003,CPU,24.946
2025-10-01 07:00:00,DC-Room-2,A01,2-A01-srv-003,CPU,24.378
2025-10-01 08:00:00,DC-Room-2,A01,2-A01-srv-003,CPU,24.72
2025-10-01 09:00:00,DC-Room-2,A01,2-A01-srv-003,CPU,24.506
2025-10-01 10:00:00,DC-Room-2,A01,2-A01-srv-003,CPU,23.888
2025-10-01 11:00:00,DC-Room-2,A01,2-A01-srv-003,CPU,23.84
2025-10-01 12:00:00,DC-Room-2,A01,2-A01-srv-003,CPU,22.356
2025-10-01 13:00:00,DC-Room-2,A01,2-A01-srv-003,CPU,22.349
2025-10-01 14:00:00,DC-Room-2,A01,2-A01-srv-003,CPU,22.372
2025-10-01 15:00:00,DC-Room-2,A01,2-A01-srv-003,CPU,22.711
2025-10-01 16:00:00,DC-Room-2,A01,2-A01-srv-003,CPU,23.353
2025-10-01 17:00:00,DC-Room-2,A01,2-A01-srv-003,CPU,21.671
2025-10-01 18:00:00,DC-Room-2,A01,2-A01-srv-003,CPU,22.523
2025-10-01 19:00:00,DC-Room-2,A01,2-A01-srv-003,CPU,21.94
2025-10-01 20:00:00,DC-Room-2,A01,2-A01-srv-003,CPU,21.985
2025-10-01 21:00:00,DC-Room-2,A01,2-A01-srv-003,CPU,24.005
2025-10-01 22:00:00,DC-Room-2,A01,2-A01-srv-003,CPU,23.397
2025-10-01 23:00:00,DC-Room-2,A01,2-A01-srv-003,CPU,24.559
2025-09-30 00:00:00,DC-Room-2,A02,2-A02-srv-001,CPU,24.366
2025-09-30 01:00:00,DC-Room-2,A02,2-A02-srv-001,CPU,24.981
2025-09-30 02:00:00,DC-Room-2,A02,2-A02-srv-001,CPU,24.24
2025-09-30 03:00:00,DC-Room-2,A02,2-A02-srv-001,CPU,24.241
2025-09-30 04:00:00,DC-Room-2,A02,2-A02-srv-001,CPU,23.88
2025-09-30 05:00:00,DC-Room-2,A02,2-A02-srv-001,CPU,25.161
2025-09-30 06:00:00,DC-Room-2,A02,2-A02-srv-001,CPU,24.197
2025-09-30 07:00:00,DC-Room-2,A02,2-A02-srv-001,CPU,23.609
2025-09-30 08:00:00,DC-Room-2,A02,2-A02-srv-001,CPU,24.282
2025-09-30 09:00:00,DC-Room-2,A02,2-A02-srv-001,CPU,24.335
2025-09-30 10:00:00,DC-Room-2,A02,2-A02-srv-001,CPU,24.551
2025-09-30 11:00:00,DC-Room-2,A02,2-A02-srv-001,CPU,24.509
2025-09-30 12:00:00,DC-Room-2,A02,2-A02-srv-001,CPU,23.209
2025-09-30 13:00:00,DC-Room-2,A02,2-A02-srv-001,CPU,23.04
2025-09-30 14:00:00,DC-Room-2,A02,2-A02-srv-001,CPU,23.226
2025-09-30 15:00:00,DC-Room-2,A02,2-A02-srv-001,CPU,22.579
2025-09-30 16:00:00,DC-Room-2,A02,2-A02-srv-001,CPU,23.175
2025-09-30 17:00:00,DC-Room-2,A02,2-A02-srv-001,CPU,23.391
2025-09-30 18:00:00,DC-Room-2,A02,2-A02-srv-001,CPU,23.262
2025-09-30 19:00:00,DC-Room-2,A02,2-A02-srv-001,CPU,22.329
2025-09-30 20:00:00,DC-Room-2,A02,2-A02-srv-001,CPU,22.734
2025-09-30 21:00:00,DC-Room-2,A02,2-A02-srv-001,CPU,24.326
2025-09-30 22:00:00,DC-Room-2,A02,2-A02-srv-001,CPU,23.127
2025-09-30 23:00:00,DC-Room-2,A02,2-A02-srv-001,CPU,24.324
2025-10-01 00:00:00,DC-Room-2,A02,2-A02-srv-001,CPU,24.461
2025-10-01 01:00:00,DC-Room-2,A02,2-A02-srv-001,CPU,24.095
2025-10-01 02:00:00,DC-Room-2,A02,2-A02-srv-001,CPU,23.887
2025-10-01 03:00:00,DC-Room-2,A02,2-A02-srv-001,CPU,24.829
2025-10-01 04:00:00,DC-Room-2,A02,2-A02-srv-001,CPU,24.298
2025-10-01 05:00:00,DC-Room-2,A02,2-A02-srv-001,CPU,24.786
2025-10-01 06:00:00,DC-Room-2,A02,2-A02-srv-001,CPU,24.95
2025-10-01 07:00:00,DC-Room-2,A02,2-A02-srv-001,CPU,24.493
2025-10-01 08:00:00,DC-Room-2,A02,2-A02-srv-001,CPU,24.643
2025-10-01 09:00:00,DC-Room-2,A02,2-A02-srv-001,CPU,24.496
2025-10-01 10:00:00,DC-Room-2,A02,2-A02-srv-001,CPU,23.651
2025-10-01 11:00:00,DC-Room-2,A02,2-A02-srv-001,CPU,24.025
2025-10-01 12:00:00,DC-Room-2,A02,2-A02-srv-001,CPU,23.565
2025-10-01 13:00:00,DC-Room-2,A02,2-A02-srv-001,CPU,22.643
2025-10-01 14:00:00,DC-Room-2,A02,2-A02-srv-001,CPU,23.51
2025-10-01 15:00:00,DC-Room-2,A02,2-A02-srv-001,CPU,23.534
2025-10-01 16:00:00,DC-Room-2,A02,2-A02-srv-001,CPU,23.175
2025-10-01 17:00:00,DC-Room-2,A02,2-A02-srv-001,CPU,22.212
2025-10-01 18:00:00,DC-Room-2,A02,2-A02-srv-001,CPU,23.929
2025-10-01 19:00:00,DC-Room-2,A02,2-A02-srv-001,CPU,24.037
2025-10-01 20:00:00,DC-Room-2,A02,2-A02-srv-001,CPU,24.2
2025-10-01 21:00:00,DC-Room-2,A02,2-A02-srv-001,CPU,24.189
2025-10-01 22:00:00,DC-Room-2,A02,2-A02-srv-001,CPU,23.365
2025-10-01 23:00:00,DC-Room-2,A02,2-A02-srv-001,CPU,24.362
2025-09-30 00:00:00,DC-Room-2,A02,2-A02-srv-002,CPU,22.174
2025-09-30 01:00:00,DC-Room-2,A02,2-A02-srv-002,CPU,23.157
2025-09-30 02:00:00,DC-Room-2,A02,2-A02-srv-002,CPU,24.503
2025-09-30 03:00:00,DC-Room-2,A02,2-A02-srv-002,CPU,24.855
2025-09-30 04:00:00,DC-Room-2,A02,2-A02-srv-002,CPU,23.74
2025-09-30 05:00:00,DC-Room-2,A02,2-A02-srv-002,CPU,24.707
2025-09-30 06:00:00,DC-Room-2,A02,2-A02-srv-002,CPU,25.639
2025-09-30 07:00:00,DC-Room-2,A02,2-A02-srv-002,CPU,24.677
2025-09-30 08:00:00,DC-Room-2,A02,2-A02-srv-002,CPU,24.34
2025-09-30 09:00:00,DC-Room-2,A02,2-A02-srv-002,CPU,24.784
2025-09-30 10:00:00,DC-Room-2,A02,2-A02-srv-002,CPU,24.661
2025-09-30 11:00:00,DC-Room-2,A02,2-A02-srv-002,CPU,24.181
2025-09-30 12:00:00,DC-Room-2,A02,2-A02-srv-002,CPU,23.609
2025-09-30 13:00:00,DC-Room-2,A02,2-A02-srv-002,CPU,23.438
2025-09-30 14:00:00,DC-Room-2,A02,2-A02-srv-002,CPU,23.483
2025-09-30 15:00:00,DC-Room-2,A02,2-A02-srv-002,CPU,22.945
2025-09-30 16:00:00,DC-Room-2,A02,2-A02-srv-002,CPU,24.002
2025-09-30 17:00:00,DC-Room-2,A02,2-A02-srv-002,CPU,23.624
2025-09-30 18:00:00,DC-Room-2,A02,2-A02-srv-002,CPU,23.7
2025-09-30 19:00:00,DC-Room-2,A02,2-A02-srv-002,CPU,24.255
2025-09-30 20:00:00,DC-Room-2,A02,2-A02-srv-002,CPU,24.155
2025-09-30 21:00:00,DC-Room-2,A02,2-A02-srv-002,CPU,24.175
2025-09-30 22:00:00,DC-Room-2,A02,2-A02-srv-002,CPU,23.759
2025-09-30 23:00:00,DC-Room-2,A02,2-A02-srv-002,CPU,23.583
2025-10-01 00:00:00,DC-Room-2,A02,2-A02-srv-002,CPU,25.296
2025-10-01 01:00:00,DC-Room-2,A02,2-A02-srv-002,CPU,23.686
2025-10-01 02:00:00,DC-Room-2,A02,2-A02-srv-002,CPU,23.785
2025-10-01 03:00:00,DC-Room-2,A02,2-A02-srv-002,CPU,23.787
2025-10-01 04:00:00,DC-Room-2,A02,2-A02-srv-002,CPU,24.567
2025-10-01 05:00:00,DC-Room-2,A02,2-A02-srv-002,CPU,24.633
2025-10-01 06:00:00,DC-Room-2,A02,2-A02-srv-002,CPU,24.984
2025-10-01 07:00:00,DC-Room-2,A02,2-A02-srv-002,CPU,24.147
2025-10-01 08:00:00,DC-Room-2,A02,2-A02-srv-002,CPU,23.073
2025-10-01 09:00:00,DC-Room-2,A02,2-A02-srv-002,CPU,24.133
2025-10-01 10:00:00,DC-Room-2,A02,2-A02-srv-002,CPU,24.239
2025-10-01 11:00:00,DC-Room-2,A02,2-A02-srv-002,CPU,23.478
2025-10-01 12:00:00,DC-Room-2,A02,2-A02-srv-002,CPU,23.225
2025-10-01 13:00:00,DC-Room-2,A02,2-A02-srv-002,CPU,23.378
2025-10-01 14:00:00,DC-Room-2,A02,2-A02-srv-002,CPU,23.721
2025-10-01 15:00:00,DC-Room-2,A02,2-A02-srv-002,CPU,22.755
2025-10-01 16:00:00,DC-Room-2,A02,2-A02-srv-002,CPU,21.859
2025-10-01 17:00:00,DC-Room-2,A02,2-A02-srv-002,CPU,22.311
2025-10-01 18:00:00,DC-Room-2,A02,2-A02-srv-002,CPU,22.526
2025-10-01 19:00:00,DC-Room-2,A02,2-A02-srv-002,CPU,21.63
2025-10-01 20:00:00,DC-Room-2,A02,2-A02-srv-002,CPU,23.292
2025-10-01 21:00:00,DC-Room-2,A02,2-A02-srv-002,CPU,22.569
2025-10-01 22:00:00,DC-Room-2,A02,2-A02-srv-002,CPU,23.455
2025-10-01 23:00:00,DC-Room-2,A02,2-A02-srv-002,CPU,23.532
2025-09-30 00:00:00,DC-Room-2,A02,2-A02-srv-003,CPU,23.745
2025-09-30 01:00:00,DC-Room-2,A02,2-A02-srv-003,CPU,24.597
2025-09-30 02:00:00,DC-Room-2,A02,2-A02-srv-003,CPU,23.967
2025-09-30 03:00:00,DC-Room-2,A02,2-A02-srv-003,CPU,23.786
2025-09-30 04:00:00,DC-Room-2,A02,2-A02-srv-003,CPU,24.4
2025-09-30 05:00:00,DC-Room-2,A02,2-A02-srv-003,CPU,24.28
2025-09-30 06:00:00,DC-Room-2,A02,2-A02-srv-003,CPU,24.592
2025-09-30 07:00:00,DC-Room-2,A02,2-A02-srv-003,CPU,25.221
2025-09-30 08:00:00,DC-Room-2,A02,2-A02-srv-003,CPU,25.388
2025-09-30 09:00:00,DC-Room-2,A02,2-A02-srv-003,CPU,24.767
2025-09-30 10:00:00,DC-Room-2,A02,2-A02-srv-003,CPU,24.044
2025-09-30 11:00:00,DC-Room-2,A02,2-A02-srv-003,CPU,23.819
2025-09-30 12:00:00,DC-Room-2,A02,2-A02-srv-003,CPU,24.262
2025-09-30 13:00:00,DC-Room-2,A02,2-A02-srv-003,CPU,24.289
2025-09-30 14:00:00,DC-Room-2,A02,2-A02-srv-003,CPU,23.243
2025-09-30 15:00:00,DC-Room-2,A02,2-A02-srv-003,CPU,23.22
2025-09-30 16:00:00,DC-Room-2,A02,2-A02-srv-003,CPU,22.737
2025-09-30 17:00:00,DC-Room-2,A02,2-A02-srv-003,CPU,23.267
2025-09-30 18:00:00,DC-Room-2,A02,2-A02-srv-003,CPU,23.723
2025-09-30 19:00:00,DC-Room-2,A02,2-A02-srv-003,CPU,21.477
2025-09-30 20:00:00,DC-Room-2,A02,2-A02-srv-003,CPU,23.456
2025-09-30 21:00:00,DC-Room-2,A02,2-A02-srv-003,CPU,23.119
2025-09-30 22:00:00,DC-Room-2,A02,2-A02-srv-003,CPU,22.383
2025-09-30 23:00:00,DC-Room-2,A02,2-A02-srv-003,CPU,24.23
2025-10-01 00:00:00,DC-Room-2,A02,2-A02-srv-003,CPU,24.232
2025-10-01 01:00:00,DC-Room-2,A02,2-A02-srv-003,CPU,24.733
2025-10-01 02:00:00,DC-Room-2,A02,2-A02-srv-003,CPU,23.839
2025-10-01 03:00:00,DC-Room-2,A02,2-A02-srv-003,CPU,26.1
2025-10-01 04:00:00,DC-Room-2,A02,2-A02-srv-003,CPU,24.975
2025-10-01 05:00:00,DC-Room-2,A02,2-A02-srv-003,CPU,24.799
2025-10-01 06:00:00,DC-Room-2,A02,2-A02-srv-003,CPU,25.867
2025-10-01 07:00:00,DC-Room-2,A02,2-A02-srv-003,CPU,25.162
2025-10-01 08:00:00,DC-Room-2,A02,2-A02-srv-003,CPU,25.128
2025-10-01 09:00:00,DC-Room-2,A02,2-A02-srv-003,CPU,25.203
2025-10-01 10:00:00,DC-Room-2,A02,2-A02-srv-003,CPU,23.194
2025-10-01 11:00:00,DC-Room-2,A02,2-A02-srv-003,CPU,25.281
2025-10-01 12:00:00,DC-Room-2,A02,2-A02-srv-003,CPU,23.81
2025-10-01 13:00:00,DC-Room-2,A02,2-A02-srv-003,CPU,23.977
2025-10-01 14:00:00,DC-Room-2,A02,2-A02-srv-003,CPU,24.136
2025-10-01 15:00:00,DC-Room-2,A02,2-A02-srv-003,CPU,23.008
2025-10-01 16:00:00,DC-Room-2,A02,2-A02-srv-003,CPU,23.491
2025-10-01 17:00:00,DC-Room-2,A02,2-A02-srv-003,CPU,23.641
2025-10-01 18:00:00,DC-Room-2,A02,2-A02-srv-003,CPU,23.201
2025-10-01 19:00:00,DC-Room-2,A02,2-A02-srv-003,CPU,23.61
2025-10-01 20:00:00,DC-Room-2,A02,2-A02-srv-003,CPU,22.467
2025-10-01 21:00:00,DC-Room-2,A02,2-A02-srv-003,CPU,22.9
2025-10-01 22:00:00,DC-Room-2,A02,2-A02-srv-003,CPU,23.223
2025-10-01 23:00:00,DC-Room-2,A02,2-A02-srv-003,CPU,24.353
2025-09-30 00:00:00,DC-Room-2,A02,2-A02-gpu-001,GPU,25.671
2025-09-30 01:00:00,DC-Room-2,A02,2-A02-gpu-001,GPU,27.007
2025-09-30 02:00:00,DC-Room-2,A02,2-A02-gpu-001,GPU,25.258
2025-09-30 03:00:00,DC-Room-2,A02,2-A02-gpu-001,GPU,27.434
2025-09-30 04:00:00,DC-Room-2,A02,2-A02-gpu-001,GPU,26.521
2025-09-30 05:00:00,DC-Room-2,A02,2-A02-gpu-001,GPU,26.649
2025-09-30 06:00:00,DC-Room-2,A02,2-A02-gpu-001,GPU,27.512
2025-09-30 07:00:00,DC-Room-2,A02,2-A02-gpu-001,GPU,28.663
2025-09-30 08:00:00,DC-Room-2,A02,2-A02-gpu-001,GPU,26.553
2025-09-30 09:00:00,DC-Room-2,A02,2-A02-gpu-001,GPU,27.702
2025-09-30 10:00:00,DC-Room-2,A02,2-A02-gpu-001,GPU,27.012
2025-09-30 11:00:00,DC-Room-2,A02,2-A02-gpu-001,GPU,25.282
2025-09-30 12:00:00,DC-Room-2,A02,2-A02-gpu-001,GPU,26.87
2025-09-30 13:00:00,DC-Room-2,A02,2-A02-gpu-001,GPU,25.129
2025-09-30 14:00:00,DC-Room-2,A02,2-A02-gpu-001,GPU,24.41
2025-09-30 15:00:00,DC-Room-2,A02,2-A02-gpu-001,GPU,24.774
2025-09-30 16:00:00,DC-Room-2,A02,2-A02-gpu-001,GPU,24.586
2025-09-30 17:00:00,DC-Room-2,A02,2-A02-gpu-001,GPU,25.582
2025-09-30 18:00:00,DC-Room-2,A02,2-A02-gpu-001,GPU,24.499
2025-09-30 19:00:00,DC-Room-2,A02,2-A02-gpu-001,GPU,26.414
2025-09-30 20:00:00,DC-Room-2,A02,2-A02-gpu-001,GPU,25.518
2025-09-30 21:00:00,DC-Room-2,A02,2-A02-gpu-001,GPU,25.007
2025-09-30 22:00:00,DC-Room-2,A02,2-A02-gpu-001,GPU,25.222
2025-09-30 23:00:00,DC-Room-2,A02,2-A02-gpu-001,GPU,26.215
2025-10-01 00:00:00,DC-Room-2,A02,2-A02-gpu-001,GPU,24.617
2025-10-01 01:00:00,DC-Room-2,A02,2-A02-gpu-001,GPU,24.815
2025-10-01 02:00:00,DC-Room-2,A02,2-A02-gpu-001,GPU,26.116
2025-10-01 03:00:00,DC-Room-2,A02,2-A02-gpu-001,GPU,27.611
2025-10-01 04:00:00,DC-Room-2,A02,2-A02-gpu-001,GPU,27.418
2025-10-01 05:00:00,DC-Room-2,A02,2-A02-gpu-001,GPU,27.29
2025-10-01 06:00:00,DC-Room-2,A02,2-A02-gpu-001,GPU,27.11
2025-10-01 07:00:00,DC-Room-2,A02,2-A02-gpu-001,GPU,25.4
2025-10-01 08:00:00,DC-Room-2,A02,2-A02-gpu-001,GPU,26.696
2025-10-01 09:00:00,DC-Room-2,A02,2-A02-gpu-001,GPU,25.268
2025-10-01 10:00:00,DC-Room-2,A02,2-A02-gpu-001,GPU,27.092
2025-10-01 11:00:00,DC-Room-2,A02,2-A02-gpu-001,GPU,26.018
2025-10-01 12:00:00,DC-Room-2,A02,2-A02-gpu-001,GPU,25.566
2025-10-01 13:00:00,DC-Room-2,A02,2-A02-gpu-001,GPU,25.522
2025-10-01 14:00:00,DC-Room-2,A02,2-A02-gpu-001,GPU,25.326
2025-10-01 15:00:00,DC-Room-2,A02,2-A02-gpu-001,GPU,24.987
2025-10-01 16:00:00,DC-Room-2,A02,2-A02-gpu-001,GPU,24.893
2025-10-01 17:00:00,DC-Room-2,A02,2-A02-gpu-001,GPU,24.021
2025-10-01 18:00:00,DC-Room-2,A02,2-A02-gpu-001,GPU,23.417
2025-10-01 19:00:00,DC-Room-2,A02,2-A02-gpu-001,GPU,24.847
2025-10-01 20:00:00,DC-Room-2,A02,2-A02-gpu-001,GPU,25.958
2025-10-01 21:00:00,DC-Room-2,A02,2-A02-gpu-001,GPU,25.872
2025-10-01 22:00:00,DC-Room-2,A02,2-A02-gpu-001,GPU,25.205
2025-10-01 23:00:00,DC-Room-2,A02,2-A02-gpu-001,GPU,26.148
2025-09-30 00:00:00,DC-Room-2,A03,2-A03-srv-001,CPU,23.317
2025-09-30 01:00:00,DC-Room-2,A03,2-A03-srv-001,CPU,24.3
2025-09-30 02:00:00,DC-Room-2,A03,2-A03-srv-001,CPU,23.657
2025-09-30 03:00:00,DC-Room-2,A03,2-A03-srv-001,CPU,24.071
2025-09-30 04:00:00,DC-Room-2,A03,2-A03-srv-001,CPU,22.81
2025-09-30 05:00:00,DC-Room-2,A03,2-A03-srv-001,CPU,24.414
2025-09-30 06:00:00,DC-Room-2,A03,2-A03-srv-001,CPU,24.242
2025-09-30 07:00:00,DC-Room-2,A03,2-A03-srv-001,CPU,24.863
2025-09-30 08:00:00,DC-Room-2,A03,2-A03-srv-001,CPU,22.333
2025-09-30 09:00:00,DC-Room-2,A03,2-A03-srv-001,CPU,23.953
2025-09-30 10:00:00,DC-Room-2,A03,2-A03-srv-001,CPU,23.704
2025-09-30 11:00:00,DC-Room-2,A03,2-A03-srv-001,CPU,23.548
2025-09-30 12:00:00,DC-Room-2,A03,2-A03-srv-001,CPU,22.94
2025-09-30 13:00:00,DC-Room-2,A03,2-A03-srv-001,CPU,23.204
2025-09-30 14:00:00,DC-Room-2,A03,2-A03-srv-001,CPU,23.28
2025-09-30 15:00:00,DC-Room-2,A03,2-A03-srv-001,CPU,22.712
2025-09-30 16:00:00,DC-Room-2,A03,2-A03-srv-001,CPU,22.385
2025-09-30 17:00:00,DC-Room-2,A03,2-A03-srv-001,CPU,22.379
2025-09-30 18:00:00,DC-Room-2,A03,2-A03-srv-001,CPU,22.302
2025-09-30 19:00:00,DC-Room-2,A03,2-A03-srv-001,CPU,22.628
2025-09-30 20:00:00,DC-Room-2,A03,2-A03-srv-001,CPU,22.236
2025-09-30 21:00:00,DC-Room-2,A03,2-A03-srv-001,CPU,21.55
2025-09-30 22:00:00,DC-Room-2,A03,2-A03-srv-001,CPU,23.698
2025-09-30 23:00:00,DC-Room-2,A03,2-A03-srv-001,CPU,22.05
2025-10-01 00:00:00,DC-Room-2,A03,2-A03-srv-001,CPU,23.287
2025-10-01 01:00:00,DC-Room-2,A03,2-A03-srv-001,CPU,22.867
2025-10-01 02:00:00,DC-Room-2,A03,2-A03-srv-001,CPU,23.591
2025-10-01 03:00:00,DC-Room-2,A03,2-A03-srv-001,CPU,23.332
2025-10-01 04:00:00,DC-Room-2,A03,2-A03-srv-001,CPU,23.973
2025-10-01 05:00:00,DC-Room-2,A03,2-A03-srv-001,CPU,23.52
2025-10-01 06:00:00,DC-Room-2,A03,2-A03-srv-001,CPU,23.243
2025-10-01 07:00:00,DC-Room-2,A03,2-A03-srv-001,CPU,24.128
2025-10-01 08:00:00,DC-Room-2,A03,2-A03-srv-001,CPU,24.611
2025-10-01 09:00:00,DC-Room-2,A03,2-A03-srv-001,CPU,23.824
2025-10-01 10:00:00,DC-Room-2,A03,2-A03-srv-001,CPU,23.508
2025-10-01 11:00:00,DC-Room-2,A03,2-A03-srv-001,CPU,22.651
2025-10-01 12:00:00,DC-Room-2,A03,2-A03-srv-001,CPU,23.098
2025-10-01 13:00:00,DC-Room-2,A03,2-A03-srv-001,CPU,23.185
2025-10-01 14:00:00,DC-Room-2,A03,2-A03-srv-001,CPU,22.294
2025-10-01 15:00:00,DC-Room-2,A03,2-A03-srv-001,CPU,23.071
2025-10-01 16:00:00,DC-Room-2,A03,2-A03-srv-001,CPU,22.371
2025-10-01 17:00:00,DC-Room-2,A03,2-A03-srv-001,CPU,22.621
2025-10-01 18:00:00,DC-Room-2,A03,2-A03-srv-001,CPU,22.087
2025-10-01 19:00:00,DC-Room-2,A03,2-A03-srv-001,CPU,22.169
2025-10-01 20:00:00,DC-Room-2,A03,2-A03-srv-001,CPU,22.651
2025-10-01 21:00:00,DC-Room-2,A03,2-A03-srv-001,CPU,22.896
2025-10-01 22:00:00,DC-Room-2,A03,2-A03-srv-001,CPU,23.076
2025-10-01 23:00:00,DC-Room-2,A03,2-A03-srv-001,CPU,22.541
2025-09-30 00:00:00,DC-Room-2,A03,2-A03-srv-002,CPU,22.932
2025-09-30 01:00:00,DC-Room-2,A03,2-A03-srv-002,CPU,23.699
2025-09-30 02:00:00,DC-Room-2,A03,2-A03-srv-002,CPU,22.394
2025-09-30 03:00:00,DC-Room-2,A03,2-A03-srv-002,CPU,23.062
2025-09-30 04:00:00,DC-Room-2,A03,2-A03-srv-002,CPU,23.448
2025-09-30 05:00:00,DC-Room-2,A03,2-A03-srv-002,CPU,23.627
2025-09-30 06:00:00,DC-Room-2,A03,2-A03-srv-002,CPU,24.324
2025-09-30 07:00:00,DC-Room-2,A03,2-A03-srv-002,CPU,24.522
2025-09-30 08:00:00,DC-Room-2,A03,2-A03-srv-002,CPU,23.049
2025-09-30 09:00:00,DC-Room-2,A03,2-A03-srv-002,CPU,24.097
2025-09-30 10:00:00,DC-Room-2,A03,2-A03-srv-002,CPU,22.922
2025-09-30 11:00:00,DC-Room-2,A03,2-A03-srv-002,CPU,24.509
2025-09-30 12:00:00,DC-Room-2,A03,2-A03-srv-002,CPU,23.447
2025-09-30 13:00:00,DC-Room-2,A03,2-A03-srv-002,CPU,23.173
2025-09-30 14:00:00,DC-Room-2,A03,2-A03-srv-002,CPU,22.772
2025-09-30 15:00:00,DC-Room-2,A03,2-A03-srv-002,CPU,22.598
2025-09-30 16:00:00,DC-Room-2,A03,2-A03-srv-002,CPU,22.526
2025-09-30 17:00:00,DC-Room-2,A03,2-A03-srv-002,CPU,22.086
2025-09-30 18:00:00,DC-Room-2,A03,2-A03-srv-002,CPU,22.922
2025-09-30 19:00:00,DC-Room-2,A03,2-A03-srv-002,CPU,22.695
2025-09-30 20:00:00,DC-Room-2,A03,2-A03-srv-002,CPU,23.092
2025-09-30 21:00:00,DC-Room-2,A03,2-A03-srv-002,CPU,22.739
2025-09-30 22:00:00,DC-Room-2,A03,2-A03-srv-002,CPU,23.305
2025-09-30 23:00:00,DC-Room-2,A03,2-A03-srv-002,CPU,22.662
2025-10-01 00:00:00,DC-Room-2,A03,2-A03-srv-002,CPU,25.394
2025-10-01 01:00:00,DC-Room-2,A03,2-A03-srv-002,CPU,23.101
2025-10-01 02:00:00,DC-Room-2,A03,2-A03-srv-002,CPU,23.395
2025-10-01 03:00:00,DC-Room-2,A03,2-A03-srv-002,CPU,24.409
2025-10-01 04:00:00,DC-Room-2,A03,2-A03-srv-002,CPU,24.634
2025-10-01 05:00:00,DC-Room-2,A03,2-A03-srv-002,CPU,23.481
2025-10-01 06:00:00,DC-Room-2,A03,2-A03-srv-002,CPU,22.94
2025-10-01 07:00:00,DC-Room-2,A03,2-A03-srv-002,CPU,23.059
2025-10-01 08:00:00,DC-Room-2,A03,2-A03-srv-002,CPU,23.143
2025-10-01 09:00:00,DC-Room-2,A03,2-A03-srv-002,CPU,23.025
2025-10-01 10:00:00,DC-Room-2,A03,2-A03-srv-002,CPU,23.189
2025-10-01 11:00:00,DC-Room-2,A03,2-A03-srv-002,CPU,23.675
2025-10-01 12:00:00,DC-Room-2,A03,2-A03-srv-002,CPU,23.414
2025-10-01 13:00:00,DC-Room-2,A03,2-A03-srv-002,CPU,22.159
2025-10-01 14:00:00,DC-Room-2,A03,2-A03-srv-002,CPU,22.586
2025-10-01 15:00:00,DC-Room-2,A03,2-A03-srv-002,CPU,22.656
2025-10-01 16:00:00,DC-Room-2,A03,2-A03-srv-002,CPU,22.857
2025-10-01 17:00:00,DC-Room-2,A03,2-A03-srv-002,CPU,21.88
2025-10-01 18:00:00,DC-Room-2,A03,2-A03-srv-002,CPU,21.678
2025-10-01 19:00:00,DC-Room-2,A03,2-A03-srv-002,CPU,22.654
2025-10-01 20:00:00,DC-Room-2,A03,2-A03-srv-002,CPU,23.255
2025-10-01 21:00:00,DC-Room-2,A03,2-A03-srv-002,CPU,22.226
2025-10-01 22:00:00,DC-Room-2,A03,2-A03-srv-002,CPU,23.895
2025-10-01 23:00:00,DC-Room-2,A03,2-A03-srv-002,CPU,23.935
2025-09-30 00:00:00,DC-Room-2,A03,2-A03-srv-003,CPU,23.892
2025-09-30 01:00:00,DC-Room-2,A03,2-A03-srv-003,CPU,24.233
2025-09-30 02:00:00,DC-Room-2,A03,2-A03-srv-003,CPU,22.137
2025-09-30 03:00:00,DC-Room-2,A03,2-A03-srv-003,CPU,23.888
2025-09-30 04:00:00,DC-Room-2,A03,2-A03-srv-003,CPU,23.95
2025-09-30 05:00:00,DC-Room-2,A03,2-A03-srv-003,CPU,23.941
2025-09-30 06:00:00,DC-Room-2,A03,2-A03-srv-003,CPU,25.164
2025-09-30 07:00:00,DC-Room-2,A03,2-A03-srv-003,CPU,24.068
2025-09-30 08:00:00,DC-Room-2,A03,2-A03-srv-003,CPU,24.811
2025-09-30 09:00:00,DC-Room-2,A03,2-A03-srv-003,CPU,23.75
2025-09-30 10:00:00,DC-Room-2,A03,2-A03-srv-003,CPU,23.612
2025-09-30 11:00:00,DC-Room-2,A03,2-A03-srv-003,CPU,24.033
2025-09-30 12:00:00,DC-Room-2,A03,2-A03-srv-003,CPU,22.886
2025-09-30 13:00:00,DC-Room-2,A03,2-A03-srv-003,CPU,22.974
2025-09-30 14:00:00,DC-Room-2,A03,2-A03-srv-003,CPU,22.139
2025-09-30 15:00:00,DC-Room-2,A03,2-A03-srv-003,CPU,22.103
2025-09-30 16:00:00,DC-Room-2,A03,2-A03-srv-003,CPU,22.968
2025-09-30 17:00:00,DC-Room-2,A03,2-A03-srv-003,CPU,22.857
2025-09-30 18:00:00,DC-Room-2,A03,2-A03-srv-003,CPU,21.804
2025-09-30 19:00:00,DC-Room-2,A03,2-A03-srv-003,CPU,21.879
2025-09-30 20:00:00,DC-Room-2,A03,2-A03-srv-003,CPU,24.269
2025-09-30 21:00:00,DC-Room-2,A03,2-A03-srv-003,CPU,22.425
2025-09-30 22:00:00,DC-Room-2,A03,2-A03-srv-003,CPU,22.454
2025-09-30 23:00:00,DC-Room-2,A03,2-A03-srv-003,CPU,23.423
2025-10-01 00:00:00,DC-Room-2,A03,2-A03-srv-003,CPU,22.812
2025-10-01 01:00:00,DC-Room-2,A03,2-A03-srv-003,CPU,23.269
2025-10-01 02:00:00,DC-Room-2,A03,2-A03-srv-003,CPU,24.198
2025-10-01 03:00:00,DC-Room-2,A03,2-A03-srv-003,CPU,24.479
2025-10-01 04:00:00,DC-Room-2,A03,2-A03-srv-003,CPU,23.963
2025-10-01 05:00:00,DC-Room-2,A03,2-A03-srv-003,CPU,24.954
2025-10-01 06:00:00,DC-Room-2,A03,2-A03-srv-003,CPU,24.042
2025-10-01 07:00:00,DC-Room-2,A03,2-A03-srv-003,CPU,23.911
2025-10-01 08:00:00,DC-Room-2,A03,2-A03-srv-003,CPU,23.933
2025-10-01 09:00:00,DC-Room-2,A03,2-A03-srv-003,CPU,23.619
2025-10-01 10:00:00,DC-Room-2,A03,2-A03-srv-003,CPU,23.889
2025-10-01 11:00:00,DC-Room-2,A03,2-A03-srv-003,CPU,23.56
2025-10-01 12:00:00,DC-Room-2,A03,2-A03-srv-003,CPU,22.698
2025-10-01 13:00:00,DC-Room-2,A03,2-A03-srv-003,CPU,23.119
2025-10-01 14:00:00,DC-Room-2,A03,2-A03-srv-003,CPU,22.575
2025-10-01 15:00:00,DC-Room-2,A03,2-A03-srv-003,CPU,22.5
2025-10-01 16:00:00,DC-Room-2,A03,2-A03-srv-003,CPU,22.662
2025-10-01 17:00:00,DC-Room-2,A03,2-A03-srv-003,CPU,23.251
2025-10-01 18:00:00,DC-Room-2,A03,2-A03-srv-003,CPU,22.74
2025-10-01 19:00:00,DC-Room-2,A03,2-A03-srv-003,CPU,23.394
2025-10-01 20:00:00,DC-Room-2,A03,2-A03-srv-003,CPU,23.623
2025-10-01 21:00:00,DC-Room-2,A03,2-A03-srv-003,CPU,22.748
2025-10-01 22:00:00,DC-Room-2,A03,2-A03-srv-003,CPU,22.581
2025-10-01 23:00:00,DC-Room-2,A03,2-A03-srv-003,CPU,22.631
